<?xml version="1.0" encoding="UTF-8"?>
<gpx creator="http://www.ramblr.com" version="1.0" xmlns="http://www.topografix.com/GPX/1/1">
<metadata>
<name>노선</name>
<desc>Bientus, Inc. - www.ramblr.com - Share your outdoor stories on a map!</desc>
<author>
<name></name>
</author>
<link href="https://www.ramblr.com/web/mymap/trip/1050515/9538966"></link>
<time>2025-10-30T08:04:43Z</time>
</metadata>
<trk>
<name></name>
<trkseg>
<trkpt lat="36.495076622471" lon="126.3363801674166"><ele>0</ele><time></time></trkpt>
<trkpt lat="36.49580150455309" lon="126.3363734101018"><ele>0</ele><time></time></trkpt>
<trkpt lat="36.4965263635898" lon="126.3363679033115"><ele>0</ele><time></time></trkpt>
<trkpt lat="36.49714336038825" lon="126.3363215355724"><ele>0</ele><time></time></trkpt>
<trkpt lat="36.49783924030962" lon="126.3361186950329"><ele>0</ele><time></time></trkpt>
<trkpt lat="36.49850358640899" lon="126.335923506568"><ele>0</ele><time></time></trkpt>
<trkpt lat="36.49914759600185" lon="126.335684819135"><ele>0</ele><time></time></trkpt>
<trkpt lat="36.49995323738521" lon="126.3353573822687"><ele>0</ele><time></time></trkpt>
<trkpt lat="36.50064018847331" lon="126.335076304666"><ele>0</ele><time></time></trkpt>
<trkpt lat="36.50145319326111" lon="126.3347455878688"><ele>0</ele><time></time></trkpt>
<trkpt lat="36.50189834449667" lon="126.3346818599561"><ele>0</ele><time></time></trkpt>
<trkpt lat="36.50221868045075" lon="126.3348830422625"><ele>0</ele><time></time></trkpt>
<trkpt lat="36.50259408864456" lon="126.3353675976089"><ele>0</ele><time></time></trkpt>
<trkpt lat="36.50309086037156" lon="126.3361980044139"><ele>0</ele><time></time></trkpt>
<trkpt lat="36.50330917286208" lon="126.3366088430732"><ele>0</ele><time></time></trkpt>
<trkpt lat="36.50363723913311" lon="126.3362761666605"><ele>0</ele><time></time></trkpt>
<trkpt lat="36.50384822072831" lon="126.3359526525643"><ele>0</ele><time></time></trkpt>
<trkpt lat="36.50391810162845" lon="126.3355591331966"><ele>0</ele><time></time></trkpt>
<trkpt lat="36.50420149354291" lon="126.3349286472899"><ele>0</ele><time></time></trkpt>
<trkpt lat="36.50447883942273" lon="126.3346096116647"><ele>0</ele><time></time></trkpt>
<trkpt lat="36.5047053428312" lon="126.3343289541829"><ele>0</ele><time></time></trkpt>
<trkpt lat="36.50500492140603" lon="126.3336384803128"><ele>0</ele><time></time></trkpt>
<trkpt lat="36.50507629255869" lon="126.3333182053184"><ele>0</ele><time></time></trkpt>
<trkpt lat="36.50520710011045" lon="126.3333724793995"><ele>0</ele><time></time></trkpt>
<trkpt lat="36.50546415413559" lon="126.3333004086853"><ele>0</ele><time></time></trkpt>
<trkpt lat="36.50565703507801" lon="126.3332117816147"><ele>0</ele><time></time></trkpt>
<trkpt lat="36.50579580431371" lon="126.3329843389188"><ele>0</ele><time></time></trkpt>
<trkpt lat="36.50589969224792" lon="126.3329021263252"><ele>0</ele><time></time></trkpt>
<trkpt lat="36.50618289281049" lon="126.3332521663214"><ele>0</ele><time></time></trkpt>
<trkpt lat="36.50632769604125" lon="126.3335322233764"><ele>0</ele><time></time></trkpt>
<trkpt lat="36.50637593635875" lon="126.3337975006239"><ele>0</ele><time></time></trkpt>
<trkpt lat="36.50662608009527" lon="126.3340604479306"><ele>0</ele><time></time></trkpt>
<trkpt lat="36.50688233331752" lon="126.3342318854964"><ele>0</ele><time></time></trkpt>
<trkpt lat="36.50698580866033" lon="126.3343740368751"><ele>0</ele><time></time></trkpt>
<trkpt lat="36.50713260657" lon="126.3346366189071"><ele>0</ele><time></time></trkpt>
<trkpt lat="36.50739181416763" lon="126.3349191000895"><ele>0</ele><time></time></trkpt>
<trkpt lat="36.50747512228128" lon="126.3348166936387"><ele>0</ele><time></time></trkpt>
<trkpt lat="36.50736897869883" lon="126.3341122285859"><ele>0</ele><time></time></trkpt>
<trkpt lat="36.50747262750285" lon="126.3338417044513"><ele>0</ele><time></time></trkpt>
<trkpt lat="36.50769429385936" lon="126.33372518995"><ele>0</ele><time></time></trkpt>
<trkpt lat="36.50815612191928" lon="126.3335572840607"><ele>0</ele><time></time></trkpt>
<trkpt lat="36.50844711202477" lon="126.3336128509969"><ele>0</ele><time></time></trkpt>
<trkpt lat="36.50856319396159" lon="126.3334908624463"><ele>0</ele><time></time></trkpt>
<trkpt lat="36.50869069818645" lon="126.3332976284168"><ele>0</ele><time></time></trkpt>
<trkpt lat="36.50947677854753" lon="126.3328968552225"><ele>0</ele><time></time></trkpt>
<trkpt lat="36.51041292218066" lon="126.3323276655122"><ele>0</ele><time></time></trkpt>
<trkpt lat="36.51082116368207" lon="126.3319712578665"><ele>0</ele><time></time></trkpt>
<trkpt lat="36.51140640427965" lon="126.3314497615182"><ele>0</ele><time></time></trkpt>
<trkpt lat="36.51172767095915" lon="126.3309140027466"><ele>0</ele><time></time></trkpt>
<trkpt lat="36.51207246614591" lon="126.3303203412916"><ele>0</ele><time></time></trkpt>
<trkpt lat="36.5124591877397" lon="126.3305353665664"><ele>0</ele><time></time></trkpt>
<trkpt lat="36.5127526658743" lon="126.3306112288463"><ele>0</ele><time></time></trkpt>
<trkpt lat="36.51317587920967" lon="126.3303725235767"><ele>0</ele><time></time></trkpt>
<trkpt lat="36.51376129690208" lon="126.3302495795226"><ele>0</ele><time></time></trkpt>
<trkpt lat="36.51427618081782" lon="126.3301530502892"><ele>0</ele><time></time></trkpt>
<trkpt lat="36.514557721125" lon="126.329841101001"><ele>0</ele><time></time></trkpt>
<trkpt lat="36.51500036503685" lon="126.3297312415236"><ele>0</ele><time></time></trkpt>
<trkpt lat="36.51532701413286" lon="126.3299052788669"><ele>0</ele><time></time></trkpt>
<trkpt lat="36.51587394318123" lon="126.3306922877082"><ele>0</ele><time></time></trkpt>
<trkpt lat="36.51623690058233" lon="126.3306487336361"><ele>0</ele><time></time></trkpt>
<trkpt lat="36.51660899910644" lon="126.3303813556486"><ele>0</ele><time></time></trkpt>
<trkpt lat="36.51694994747366" lon="126.3302948145392"><ele>0</ele><time></time></trkpt>
<trkpt lat="36.5172513684237" lon="126.3301600140052"><ele>0</ele><time></time></trkpt>
<trkpt lat="36.51764009216601" lon="126.3299436213703"><ele>0</ele><time></time></trkpt>
<trkpt lat="36.51805152268027" lon="126.3297618968451"><ele>0</ele><time></time></trkpt>
<trkpt lat="36.51836709083472" lon="126.3295857956446"><ele>0</ele><time></time></trkpt>
<trkpt lat="36.51850566040657" lon="126.3293892947151"><ele>0</ele><time></time></trkpt>
<trkpt lat="36.51854477104574" lon="126.3290125917975"><ele>0</ele><time></time></trkpt>
<trkpt lat="36.51857388739347" lon="126.328602713057"><ele>0</ele><time></time></trkpt>
<trkpt lat="36.51864204556922" lon="126.3283385530742"><ele>0</ele><time></time></trkpt>
<trkpt lat="36.51859370990699" lon="126.3281165742623"><ele>0</ele><time></time></trkpt>
<trkpt lat="36.51859302275045" lon="126.3279702244169"><ele>0</ele><time></time></trkpt>
<trkpt lat="36.51872666682014" lon="126.3279444313335"><ele>0</ele><time></time></trkpt>
<trkpt lat="36.51884878475319" lon="126.3280131183336"><ele>0</ele><time></time></trkpt>
<trkpt lat="36.51902395910022" lon="126.3278650477361"><ele>0</ele><time></time></trkpt>
<trkpt lat="36.51914896210393" lon="126.3280274317893"><ele>0</ele><time></time></trkpt>
<trkpt lat="36.51926528413869" lon="126.3280829632373"><ele>0</ele><time></time></trkpt>
<trkpt lat="36.51935509758077" lon="126.328155812501"><ele>0</ele><time></time></trkpt>
<trkpt lat="36.51953803519287" lon="126.3281220232528"><ele>0</ele><time></time></trkpt>
<trkpt lat="36.51960646252667" lon="126.3279995682029"><ele>0</ele><time></time></trkpt>
<trkpt lat="36.51967656132532" lon="126.3279019084371"><ele>0</ele><time></time></trkpt>
<trkpt lat="36.51989490579523" lon="126.327932632767"><ele>0</ele><time></time></trkpt>
<trkpt lat="36.52009950692042" lon="126.3279724725462"><ele>0</ele><time></time></trkpt>
<trkpt lat="36.52016525677283" lon="126.3282414680532"><ele>0</ele><time></time></trkpt>
<trkpt lat="36.52029269548913" lon="126.3284599713974"><ele>0</ele><time></time></trkpt>
<trkpt lat="36.52042874250127" lon="126.3287089229074"><ele>0</ele><time></time></trkpt>
<trkpt lat="36.52061755686053" lon="126.3288942501235"><ele>0</ele><time></time></trkpt>
<trkpt lat="36.52086620310205" lon="126.3291136878822"><ele>0</ele><time></time></trkpt>
<trkpt lat="36.52109016341346" lon="126.3291898725893"><ele>0</ele><time></time></trkpt>
<trkpt lat="36.52136045658855" lon="126.3291310361919"><ele>0</ele><time></time></trkpt>
<trkpt lat="36.52175245360427" lon="126.3292041944714"><ele>0</ele><time></time></trkpt>
<trkpt lat="36.52204264305495" lon="126.3295693067963"><ele>0</ele><time></time></trkpt>
<trkpt lat="36.52224857275291" lon="126.3298987622626"><ele>0</ele><time></time></trkpt>
<trkpt lat="36.52245865399696" lon="126.3301870768891"><ele>0</ele><time></time></trkpt>
<trkpt lat="36.52278363961098" lon="126.3304086996046"><ele>0</ele><time></time></trkpt>
<trkpt lat="36.52320282828998" lon="126.3305816873238"><ele>0</ele><time></time></trkpt>
<trkpt lat="36.5234115613051" lon="126.330506112434"><ele>0</ele><time></time></trkpt>
<trkpt lat="36.52355157642843" lon="126.3306527823713"><ele>0</ele><time></time></trkpt>
<trkpt lat="36.52368674579429" lon="126.3307841650229"><ele>0</ele><time></time></trkpt>
<trkpt lat="36.52394189904007" lon="126.3307679295842"><ele>0</ele><time></time></trkpt>
<trkpt lat="36.52422247952471" lon="126.3305629190164"><ele>0</ele><time></time></trkpt>
<trkpt lat="36.52460152848433" lon="126.3306005583514"><ele>0</ele><time></time></trkpt>
<trkpt lat="36.52509993271438" lon="126.3307304361191"><ele>0</ele><time></time></trkpt>
<trkpt lat="36.52556237403169" lon="126.3308017500028"><ele>0</ele><time></time></trkpt>
<trkpt lat="36.52588678510558" lon="126.330786582662"><ele>0</ele><time></time></trkpt>
<trkpt lat="36.52638912297568" lon="126.3307909396303"><ele>0</ele><time></time></trkpt>
<trkpt lat="36.52690793469998" lon="126.3308535643531"><ele>0</ele><time></time></trkpt>
<trkpt lat="36.52740790096397" lon="126.3309018971903"><ele>0</ele><time></time></trkpt>
<trkpt lat="36.5279376746176" lon="126.3309561855024"><ele>0</ele><time></time></trkpt>
<trkpt lat="36.52850251820075" lon="126.330989099539"><ele>0</ele><time></time></trkpt>
<trkpt lat="36.52894709444544" lon="126.3309797122887"><ele>0</ele><time></time></trkpt>
<trkpt lat="36.52947105996206" lon="126.3309885833988"><ele>0</ele><time></time></trkpt>
<trkpt lat="36.53004099408927" lon="126.3309749802122"><ele>0</ele><time></time></trkpt>
<trkpt lat="36.53068100343723" lon="126.3309261942368"><ele>0</ele><time></time></trkpt>
<trkpt lat="36.53119612421135" lon="126.3308245940099"><ele>0</ele><time></time></trkpt>
<trkpt lat="36.53148896023042" lon="126.3307553387168"><ele>0</ele><time></time></trkpt>
<trkpt lat="36.53195493810391" lon="126.3306925708912"><ele>0</ele><time></time></trkpt>
<trkpt lat="36.53270605404883" lon="126.3305030835628"><ele>0</ele><time></time></trkpt>
<trkpt lat="36.53332984804445" lon="126.3303691569303"><ele>0</ele><time></time></trkpt>
<trkpt lat="36.53362532555275" lon="126.3303778075562"><ele>0</ele><time></time></trkpt>
<trkpt lat="36.53446857404842" lon="126.3301069726783"><ele>0</ele><time></time></trkpt>
<trkpt lat="36.53484770600776" lon="126.3299132206909"><ele>0</ele><time></time></trkpt>
<trkpt lat="36.53510730481945" lon="126.3298157036655"><ele>0</ele><time></time></trkpt>
<trkpt lat="36.53592483855644" lon="126.3295944641841"><ele>0</ele><time></time></trkpt>
<trkpt lat="36.53656488047203" lon="126.3293092658121"><ele>0</ele><time></time></trkpt>
<trkpt lat="36.53684115190863" lon="126.3290426259553"><ele>0</ele><time></time></trkpt>
<trkpt lat="36.53693340347625" lon="126.3288371914414"><ele>0</ele><time></time></trkpt>
<trkpt lat="36.53707596427195" lon="126.328702799812"><ele>0</ele><time></time></trkpt>
<trkpt lat="36.5373597507073" lon="126.3282376305167"><ele>0</ele><time></time></trkpt>
<trkpt lat="36.53755594684444" lon="126.3280537287127"><ele>0</ele><time></time></trkpt>
<trkpt lat="36.53788787988049" lon="126.3276872718598"><ele>0</ele><time></time></trkpt>
<trkpt lat="36.53812365711035" lon="126.3274701702621"><ele>0</ele><time></time></trkpt>
<trkpt lat="36.5383988255577" lon="126.327497429373"><ele>0</ele><time></time></trkpt>
<trkpt lat="36.53855962453016" lon="126.3276538080074"><ele>0</ele><time></time></trkpt>
<trkpt lat="36.53855840675384" lon="126.3278376699126"><ele>0</ele><time></time></trkpt>
<trkpt lat="36.5386440051044" lon="126.3279740868022"><ele>0</ele><time></time></trkpt>
<trkpt lat="36.53867748334518" lon="126.3283500764345"><ele>0</ele><time></time></trkpt>
<trkpt lat="36.53867022266121" lon="126.3289742517484"><ele>0</ele><time></time></trkpt>
<trkpt lat="36.53873313709052" lon="126.3293679155868"><ele>0</ele><time></time></trkpt>
<trkpt lat="36.53895739367869" lon="126.3296535269325"><ele>0</ele><time></time></trkpt>
<trkpt lat="36.53912623150593" lon="126.3298096961715"><ele>0</ele><time></time></trkpt>
<trkpt lat="36.5393485062997" lon="126.3299584809697"><ele>0</ele><time></time></trkpt>
<trkpt lat="36.53945469011585" lon="126.3296906414483"><ele>0</ele><time></time></trkpt>
<trkpt lat="36.53960465958033" lon="126.3295346282184"><ele>0</ele><time></time></trkpt>
<trkpt lat="36.53996201426961" lon="126.3294750042672"><ele>0</ele><time></time></trkpt>
<trkpt lat="36.54016491357093" lon="126.3293749264703"><ele>0</ele><time></time></trkpt>
<trkpt lat="36.54044549705881" lon="126.3292539435853"><ele>0</ele><time></time></trkpt>
<trkpt lat="36.54072029010821" lon="126.3292879114442"><ele>0</ele><time></time></trkpt>
<trkpt lat="36.54130638825383" lon="126.3295017975229"><ele>0</ele><time></time></trkpt>
<trkpt lat="36.54166337557113" lon="126.329632877647"><ele>0</ele><time></time></trkpt>
<trkpt lat="36.54243706353871" lon="126.3296403705469"><ele>0</ele><time></time></trkpt>
<trkpt lat="36.54397151450827" lon="126.3296786344364"><ele>0</ele><time></time></trkpt>
<trkpt lat="36.54487825974533" lon="126.3296463409147"><ele>0</ele><time></time></trkpt>
<trkpt lat="36.54573079065152" lon="126.3295154525729"><ele>0</ele><time></time></trkpt>
<trkpt lat="36.54627815834728" lon="126.3294958503032"><ele>0</ele><time></time></trkpt>
<trkpt lat="36.54684892893752" lon="126.3294225557638"><ele>0</ele><time></time></trkpt>
<trkpt lat="36.54730941142826" lon="126.3293104959723"><ele>0</ele><time></time></trkpt>
<trkpt lat="36.54768873785433" lon="126.3292835808282"><ele>0</ele><time></time></trkpt>
<trkpt lat="36.5482815721228" lon="126.3291760360459"><ele>0</ele><time></time></trkpt>
<trkpt lat="36.54878409386442" lon="126.3290764806436"><ele>0</ele><time></time></trkpt>
<trkpt lat="36.54920007858134" lon="126.3290220118338"><ele>0</ele><time></time></trkpt>
<trkpt lat="36.54963581998809" lon="126.3289470283426"><ele>0</ele><time></time></trkpt>
<trkpt lat="36.55027022143931" lon="126.3287744884386"><ele>0</ele><time></time></trkpt>
<trkpt lat="36.55084440544704" lon="126.3286473818429"><ele>0</ele><time></time></trkpt>
<trkpt lat="36.55136103984442" lon="126.3285420633384"><ele>0</ele><time></time></trkpt>
<trkpt lat="36.55177925209146" lon="126.3284825983675"><ele>0</ele><time></time></trkpt>
<trkpt lat="36.55191491426432" lon="126.3282007400561"><ele>0</ele><time></time></trkpt>
<trkpt lat="36.55213887828081" lon="126.3282078075625"><ele>0</ele><time></time></trkpt>
<trkpt lat="36.5525388792956" lon="126.3282612706587"><ele>0</ele><time></time></trkpt>
<trkpt lat="36.55302047517094" lon="126.3282623233807"><ele>0</ele><time></time></trkpt>
<trkpt lat="36.55343008949144" lon="126.328304438644"><ele>0</ele><time></time></trkpt>
<trkpt lat="36.55382720274612" lon="126.3284518082132"><ele>0</ele><time></time></trkpt>
<trkpt lat="36.55421685326017" lon="126.32877440029"><ele>0</ele><time></time></trkpt>
<trkpt lat="36.55451135466751" lon="126.3291067610292"><ele>0</ele><time></time></trkpt>
<trkpt lat="36.55474957456492" lon="126.3296241389643"><ele>0</ele><time></time></trkpt>
<trkpt lat="36.55482959138853" lon="126.3300795155727"><ele>0</ele><time></time></trkpt>
<trkpt lat="36.55487661230205" lon="126.3307187977636"><ele>0</ele><time></time></trkpt>
<trkpt lat="36.55491519347842" lon="126.3311255665917"><ele>0</ele><time></time></trkpt>
<trkpt lat="36.55493999588268" lon="126.3313530386863"><ele>0</ele><time></time></trkpt>
<trkpt lat="36.55593953346801" lon="126.3307530527817"><ele>0</ele><time></time></trkpt>
<trkpt lat="36.55604029398203" lon="126.3304649668933"><ele>0</ele><time></time></trkpt>
<trkpt lat="36.5562359838989" lon="126.3302167180628"><ele>0</ele><time></time></trkpt>
<trkpt lat="36.55639394526589" lon="126.3299789088342"><ele>0</ele><time></time></trkpt>
<trkpt lat="36.55657922036571" lon="126.329398982528"><ele>0</ele><time></time></trkpt>
<trkpt lat="36.55664981896951" lon="126.3286925677744"><ele>0</ele><time></time></trkpt>
<trkpt lat="36.55670750551485" lon="126.3283955722877"><ele>0</ele><time></time></trkpt>
<trkpt lat="36.5566676273267" lon="126.3279392506201"><ele>0</ele><time></time></trkpt>
<trkpt lat="36.55665526514698" lon="126.3275603768187"><ele>0</ele><time></time></trkpt>
<trkpt lat="36.5567135958078" lon="126.3271083952197"><ele>0</ele><time></time></trkpt>
<trkpt lat="36.55702372541156" lon="126.3266454206664"><ele>0</ele><time></time></trkpt>
<trkpt lat="36.55730610816646" lon="126.3263456996601"><ele>0</ele><time></time></trkpt>
<trkpt lat="36.55742773843131" lon="126.3262493402511"><ele>0</ele><time></time></trkpt>
<trkpt lat="36.55754461385318" lon="126.3259924481117"><ele>0</ele><time></time></trkpt>
<trkpt lat="36.55770031649152" lon="126.3257965436039"><ele>0</ele><time></time></trkpt>
<trkpt lat="36.55797912357494" lon="126.3255618731251"><ele>0</ele><time></time></trkpt>
<trkpt lat="36.55828698610306" lon="126.3252544966828"><ele>0</ele><time></time></trkpt>
<trkpt lat="36.55877016302788" lon="126.3249185311297"><ele>0</ele><time></time></trkpt>
<trkpt lat="36.55904428269389" lon="126.3247482521816"><ele>0</ele><time></time></trkpt>
<trkpt lat="36.55931388263922" lon="126.3245803032383"><ele>0</ele><time></time></trkpt>
<trkpt lat="36.55964032383781" lon="126.3243317596432"><ele>0</ele><time></time></trkpt>
<trkpt lat="36.55990611855988" lon="126.324162850961"><ele>0</ele><time></time></trkpt>
<trkpt lat="36.56005965461755" lon="126.3240375918504"><ele>0</ele><time></time></trkpt>
<trkpt lat="36.5601609591922" lon="126.323751592377"><ele>0</ele><time></time></trkpt>
<trkpt lat="36.56052664860187" lon="126.3235096078353"><ele>0</ele><time></time></trkpt>
<trkpt lat="36.56103426861621" lon="126.3230439787372"><ele>0</ele><time></time></trkpt>
<trkpt lat="36.56150022865125" lon="126.3227695714779"><ele>0</ele><time></time></trkpt>
<trkpt lat="36.56201826539144" lon="126.3224354293365"><ele>0</ele><time></time></trkpt>
<trkpt lat="36.56242841228369" lon="126.3222602118382"><ele>0</ele><time></time></trkpt>
<trkpt lat="36.56303691730906" lon="126.3219496022255"><ele>0</ele><time></time></trkpt>
<trkpt lat="36.56367879394118" lon="126.3220445970063"><ele>0</ele><time></time></trkpt>
<trkpt lat="36.56383160623648" lon="126.3221575142685"><ele>0</ele><time></time></trkpt>
<trkpt lat="36.56402990732055" lon="126.32174576925"><ele>0</ele><time></time></trkpt>
<trkpt lat="36.56456734062984" lon="126.3218422132475"><ele>0</ele><time></time></trkpt>
<trkpt lat="36.56476822406797" lon="126.3215288495118"><ele>0</ele><time></time></trkpt>
<trkpt lat="36.56514634052208" lon="126.3207720670355"><ele>0</ele><time></time></trkpt>
<trkpt lat="36.56533214900368" lon="126.3204175464155"><ele>0</ele><time></time></trkpt>
<trkpt lat="36.56576880837178" lon="126.3198648808669"><ele>0</ele><time></time></trkpt>
<trkpt lat="36.56595416751162" lon="126.3195213382211"><ele>0</ele><time></time></trkpt>
<trkpt lat="36.56598533519065" lon="126.3192776672406"><ele>0</ele><time></time></trkpt>
<trkpt lat="36.56629180465294" lon="126.3190350379763"><ele>0</ele><time></time></trkpt>
<trkpt lat="36.56678327460912" lon="126.3185677629696"><ele>0</ele><time></time></trkpt>
<trkpt lat="36.56727092906849" lon="126.3181112639008"><ele>0</ele><time></time></trkpt>
<trkpt lat="36.56790539283777" lon="126.3178257939695"><ele>0</ele><time></time></trkpt>
<trkpt lat="36.56840470766718" lon="126.3174298519638"><ele>0</ele><time></time></trkpt>
<trkpt lat="36.56911710602568" lon="126.3167191681128"><ele>0</ele><time></time></trkpt>
<trkpt lat="36.56949987365675" lon="126.3164549589279"><ele>0</ele><time></time></trkpt>
<trkpt lat="36.56998894743215" lon="126.3159764025424"><ele>0</ele><time></time></trkpt>
<trkpt lat="36.57041812374024" lon="126.3157166478484"><ele>0</ele><time></time></trkpt>
<trkpt lat="36.57068453789306" lon="126.3154476494337"><ele>0</ele><time></time></trkpt>
<trkpt lat="36.57084925916256" lon="126.3153748881784"><ele>0</ele><time></time></trkpt>
<trkpt lat="36.57114455598132" lon="126.315099638829"><ele>0</ele><time></time></trkpt>
<trkpt lat="36.5713694203038" lon="126.314763049907"><ele>0</ele><time></time></trkpt>
<trkpt lat="36.57157196222943" lon="126.3148368669333"><ele>0</ele><time></time></trkpt>
<trkpt lat="36.57175511995534" lon="126.3150996343905"><ele>0</ele><time></time></trkpt>
<trkpt lat="36.57223660891329" lon="126.3152900222703"><ele>0</ele><time></time></trkpt>
<trkpt lat="36.57297243454523" lon="126.3153011401614"><ele>0</ele><time></time></trkpt>
<trkpt lat="36.57328673947411" lon="126.3152313404355"><ele>0</ele><time></time></trkpt>
<trkpt lat="36.57342238827111" lon="126.3152392505565"><ele>0</ele><time></time></trkpt>
<trkpt lat="36.57359895399151" lon="126.3152478912511"><ele>0</ele><time></time></trkpt>
<trkpt lat="36.57374666613195" lon="126.3151678426079"><ele>0</ele><time></time></trkpt>
<trkpt lat="36.57396472124783" lon="126.3152749868746"><ele>0</ele><time></time></trkpt>
<trkpt lat="36.57409950280903" lon="126.3154639410109"><ele>0</ele><time></time></trkpt>
<trkpt lat="36.57428554594505" lon="126.3157072354039"><ele>0</ele><time></time></trkpt>
<trkpt lat="36.57445434855773" lon="126.315954817675"><ele>0</ele><time></time></trkpt>
<trkpt lat="36.57467031569519" lon="126.3160237124386"><ele>0</ele><time></time></trkpt>
<trkpt lat="36.57496849999779" lon="126.3160121419856"><ele>0</ele><time></time></trkpt>
<trkpt lat="36.57516980079159" lon="126.3159941255291"><ele>0</ele><time></time></trkpt>
<trkpt lat="36.57513814378218" lon="126.3157361635945"><ele>0</ele><time></time></trkpt>
<trkpt lat="36.57522499839904" lon="126.3154226173477"><ele>0</ele><time></time></trkpt>
<trkpt lat="36.57584177233583" lon="126.3152645465528"><ele>0</ele><time></time></trkpt>
<trkpt lat="36.57662661938347" lon="126.3150576581546"><ele>0</ele><time></time></trkpt>
<trkpt lat="36.57733138117887" lon="126.3148168755621"><ele>0</ele><time></time></trkpt>
<trkpt lat="36.57819770742326" lon="126.3143916414405"><ele>0</ele><time></time></trkpt>
<trkpt lat="36.57868421462486" lon="126.3141303721564"><ele>0</ele><time></time></trkpt>
<trkpt lat="36.57948811688922" lon="126.3136960518988"><ele>0</ele><time></time></trkpt>
<trkpt lat="36.58064914466066" lon="126.3131272676719"><ele>0</ele><time></time></trkpt>
<trkpt lat="36.58107301897662" lon="126.313030213694"><ele>0</ele><time></time></trkpt>
<trkpt lat="36.58130021551593" lon="126.3129893482765"><ele>0</ele><time></time></trkpt>
<trkpt lat="36.58162472579762" lon="126.3128906912079"><ele>0</ele><time></time></trkpt>
<trkpt lat="36.58203736210773" lon="126.3128418493296"><ele>0</ele><time></time></trkpt>
<trkpt lat="36.58239505414433" lon="126.3127955461579"><ele>0</ele><time></time></trkpt>
<trkpt lat="36.58289930931075" lon="126.3128666274727"><ele>0</ele><time></time></trkpt>
<trkpt lat="36.58339169257375" lon="126.3130450844725"><ele>0</ele><time></time></trkpt>
<trkpt lat="36.58380687927973" lon="126.3132826871901"><ele>0</ele><time></time></trkpt>
<trkpt lat="36.58412664344159" lon="126.3135653850538"><ele>0</ele><time></time></trkpt>
<trkpt lat="36.5844226021383" lon="126.3140223460088"><ele>0</ele><time></time></trkpt>
<trkpt lat="36.58465550699698" lon="126.3144579896583"><ele>0</ele><time></time></trkpt>
<trkpt lat="36.58487893077842" lon="126.3143872531372"><ele>0</ele><time></time></trkpt>
<trkpt lat="36.58519843491393" lon="126.3143634857334"><ele>0</ele><time></time></trkpt>
<trkpt lat="36.58583015432811" lon="126.3146393333434"><ele>0</ele><time></time></trkpt>
</trkseg>
</trk>
<trk>
<name></name>
<trkseg>
<trkpt lat="36.58608183430297" lon="126.3148739934883"><ele>0</ele><time></time></trkpt>
<trkpt lat="36.58645659441355" lon="126.315229645928"><ele>0</ele><time></time></trkpt>
<trkpt lat="36.58716777564889" lon="126.3146913785746"><ele>0</ele><time></time></trkpt>
<trkpt lat="36.58768788328118" lon="126.314262937421"><ele>0</ele><time></time></trkpt>
<trkpt lat="36.58800051595564" lon="126.3140867394737"><ele>0</ele><time></time></trkpt>
<trkpt lat="36.58849728701873" lon="126.3135576662213"><ele>0</ele><time></time></trkpt>
<trkpt lat="36.58849598221659" lon="126.3129773299977"><ele>0</ele><time></time></trkpt>
<trkpt lat="36.58873969185593" lon="126.3127092986105"><ele>0</ele><time></time></trkpt>
<trkpt lat="36.58946102744056" lon="126.3124577548762"><ele>0</ele><time></time></trkpt>
<trkpt lat="36.58969466418419" lon="126.3120026285611"><ele>0</ele><time></time></trkpt>
<trkpt lat="36.59003067615539" lon="126.312129840819"><ele>0</ele><time></time></trkpt>
<trkpt lat="36.59048022980538" lon="126.3124403971361"><ele>0</ele><time></time></trkpt>
<trkpt lat="36.59093848303151" lon="126.312504631286"><ele>0</ele><time></time></trkpt>
<trkpt lat="36.59126608714131" lon="126.3125028800817"><ele>0</ele><time></time></trkpt>
<trkpt lat="36.59183532938692" lon="126.3121501129719"><ele>0</ele><time></time></trkpt>
<trkpt lat="36.59293002414429" lon="126.3114327107257"><ele>0</ele><time></time></trkpt>
<trkpt lat="36.59383699930367" lon="126.3108530602513"><ele>0</ele><time></time></trkpt>
<trkpt lat="36.59438975983869" lon="126.310490837328"><ele>0</ele><time></time></trkpt>
<trkpt lat="36.59458988736468" lon="126.310195621421"><ele>0</ele><time></time></trkpt>
<trkpt lat="36.5946963451912" lon="126.3098448509819"><ele>0</ele><time></time></trkpt>
<trkpt lat="36.59473169910451" lon="126.3089251559601"><ele>0</ele><time></time></trkpt>
<trkpt lat="36.59494184680591" lon="126.3080350513908"><ele>0</ele><time></time></trkpt>
<trkpt lat="36.59522946489258" lon="126.3076659966059"><ele>0</ele><time></time></trkpt>
<trkpt lat="36.59559656894929" lon="126.3075075651985"><ele>0</ele><time></time></trkpt>
<trkpt lat="36.59606740889808" lon="126.3076582426018"><ele>0</ele><time></time></trkpt>
<trkpt lat="36.59659054114069" lon="126.3078243732471"><ele>0</ele><time></time></trkpt>
<trkpt lat="36.5970064948233" lon="126.308011789567"><ele>0</ele><time></time></trkpt>
<trkpt lat="36.5972917551529" lon="126.308082632935"><ele>0</ele><time></time></trkpt>
<trkpt lat="36.59745187009445" lon="126.3079097701888"><ele>0</ele><time></time></trkpt>
<trkpt lat="36.59774851286939" lon="126.3074048741523"><ele>0</ele><time></time></trkpt>
<trkpt lat="36.59799293918226" lon="126.3070454211177"><ele>0</ele><time></time></trkpt>
<trkpt lat="36.59818668065125" lon="126.3065828209502"><ele>0</ele><time></time></trkpt>
<trkpt lat="36.59858899158634" lon="126.3061772601398"><ele>0</ele><time></time></trkpt>
<trkpt lat="36.59890097860699" lon="126.3061648303549"><ele>0</ele><time></time></trkpt>
<trkpt lat="36.59916303555178" lon="126.305811353609"><ele>0</ele><time></time></trkpt>
<trkpt lat="36.59994611687041" lon="126.3042349721296"><ele>0</ele><time></time></trkpt>
<trkpt lat="36.60050715705496" lon="126.3031251127089"><ele>0</ele><time></time></trkpt>
<trkpt lat="36.60080324096926" lon="126.3024563271601"><ele>0</ele><time></time></trkpt>
<trkpt lat="36.60153519325461" lon="126.3009004767032"><ele>0</ele><time></time></trkpt>
<trkpt lat="36.60181404418539" lon="126.3004254582003"><ele>0</ele><time></time></trkpt>
<trkpt lat="36.60203410560108" lon="126.300758397569"><ele>0</ele><time></time></trkpt>
<trkpt lat="36.60267568472459" lon="126.3008894797709"><ele>0</ele><time></time></trkpt>
<trkpt lat="36.60290785540507" lon="126.3009974024433"><ele>0</ele><time></time></trkpt>
<trkpt lat="36.60299363752544" lon="126.3010860635094"><ele>0</ele><time></time></trkpt>
<trkpt lat="36.60307495726813" lon="126.301137076705"><ele>0</ele><time></time></trkpt>
<trkpt lat="36.60359961006611" lon="126.3007126904792"><ele>0</ele><time></time></trkpt>
<trkpt lat="36.60387275541548" lon="126.3004528970524"><ele>0</ele><time></time></trkpt>
<trkpt lat="36.60437882966383" lon="126.3002142812566"><ele>0</ele><time></time></trkpt>
<trkpt lat="36.60491994106324" lon="126.2999686257041"><ele>0</ele><time></time></trkpt>
<trkpt lat="36.60535102518831" lon="126.2997570778568"><ele>0</ele><time></time></trkpt>
<trkpt lat="36.60564305490409" lon="126.2997638117164"><ele>0</ele><time></time></trkpt>
<trkpt lat="36.60633270473876" lon="126.2998618221716"><ele>0</ele><time></time></trkpt>
<trkpt lat="36.60690353019591" lon="126.2996146248083"><ele>0</ele><time></time></trkpt>
<trkpt lat="36.60724168439267" lon="126.2995053368109"><ele>0</ele><time></time></trkpt>
<trkpt lat="36.60753638569044" lon="126.2998537984918"><ele>0</ele><time></time></trkpt>
<trkpt lat="36.60780407863537" lon="126.3003188225889"><ele>0</ele><time></time></trkpt>
<trkpt lat="36.60803101093372" lon="126.3011183405915"><ele>0</ele><time></time></trkpt>
<trkpt lat="36.60806794045264" lon="126.3018643500871"><ele>0</ele><time></time></trkpt>
<trkpt lat="36.60809402191967" lon="126.3023188635633"><ele>0</ele><time></time></trkpt>
<trkpt lat="36.60859967436798" lon="126.3022549568574"><ele>0</ele><time></time></trkpt>
<trkpt lat="36.60930015128737" lon="126.3019059023998"><ele>0</ele><time></time></trkpt>
<trkpt lat="36.6099921182236" lon="126.3011116678033"><ele>0</ele><time></time></trkpt>
<trkpt lat="36.61007915934315" lon="126.3008561240722"><ele>0</ele><time></time></trkpt>
<trkpt lat="36.61013380610659" lon="126.3001815083039"><ele>0</ele><time></time></trkpt>
<trkpt lat="36.61018468594265" lon="126.2996951973648"><ele>0</ele><time></time></trkpt>
<trkpt lat="36.61054310870784" lon="126.2995772927191"><ele>0</ele><time></time></trkpt>
<trkpt lat="36.61075720339302" lon="126.299410950843"><ele>0</ele><time></time></trkpt>
<trkpt lat="36.61084074895093" lon="126.2988129173644"><ele>0</ele><time></time></trkpt>
<trkpt lat="36.61100144652474" lon="126.2981915984113"><ele>0</ele><time></time></trkpt>
<trkpt lat="36.61143150584461" lon="126.297387529668"><ele>0</ele><time></time></trkpt>
<trkpt lat="36.6116736105152" lon="126.296956787354"><ele>0</ele><time></time></trkpt>
<trkpt lat="36.61215534510654" lon="126.2965116519937"><ele>0</ele><time></time></trkpt>
<trkpt lat="36.61251912443692" lon="126.2961964589409"><ele>0</ele><time></time></trkpt>
<trkpt lat="36.61258753797556" lon="126.2960075258309"><ele>0</ele><time></time></trkpt>
<trkpt lat="36.6130888377124" lon="126.2950632334125"><ele>0</ele><time></time></trkpt>
<trkpt lat="36.61331756350031" lon="126.2946648307433"><ele>0</ele><time></time></trkpt>
<trkpt lat="36.61338055351619" lon="126.294552008946"><ele>0</ele><time></time></trkpt>
<trkpt lat="36.61353958926936" lon="126.2944631271491"><ele>0</ele><time></time></trkpt>
<trkpt lat="36.61402152628717" lon="126.2943221077222"><ele>0</ele><time></time></trkpt>
<trkpt lat="36.61428375561966" lon="126.2942249555079"><ele>0</ele><time></time></trkpt>
<trkpt lat="36.61471903059792" lon="126.2940602191476"><ele>0</ele><time></time></trkpt>
<trkpt lat="36.61507361504768" lon="126.2939533406298"><ele>0</ele><time></time></trkpt>
<trkpt lat="36.61530258247758" lon="126.29378165027"><ele>0</ele><time></time></trkpt>
<trkpt lat="36.61560014193505" lon="126.2936083254616"><ele>0</ele><time></time></trkpt>
<trkpt lat="36.61582189697094" lon="126.2934810236037"><ele>0</ele><time></time></trkpt>
<trkpt lat="36.61609868781088" lon="126.2933552496028"><ele>0</ele><time></time></trkpt>
<trkpt lat="36.61653820240803" lon="126.2933451727617"><ele>0</ele><time></time></trkpt>
<trkpt lat="36.61688639145175" lon="126.2933012408165"><ele>0</ele><time></time></trkpt>
<trkpt lat="36.61719816395121" lon="126.2932403084086"><ele>0</ele><time></time></trkpt>
<trkpt lat="36.61755018904792" lon="126.2932778596099"><ele>0</ele><time></time></trkpt>
<trkpt lat="36.61775480375989" lon="126.2935816419199"><ele>0</ele><time></time></trkpt>
<trkpt lat="36.61794773311155" lon="126.2938940529356"><ele>0</ele><time></time></trkpt>
<trkpt lat="36.61808444035231" lon="126.2942299679542"><ele>0</ele><time></time></trkpt>
<trkpt lat="36.6183452612932" lon="126.2949537305921"><ele>0</ele><time></time></trkpt>
<trkpt lat="36.61871818410135" lon="126.2957912097466"><ele>0</ele><time></time></trkpt>
<trkpt lat="36.61903073836618" lon="126.2962871558282"><ele>0</ele><time></time></trkpt>
<trkpt lat="36.61918457283947" lon="126.2964869064506"><ele>0</ele><time></time></trkpt>
<trkpt lat="36.61938875613569" lon="126.2967868880784"><ele>0</ele><time></time></trkpt>
<trkpt lat="36.61949539360835" lon="126.297024023346"><ele>0</ele><time></time></trkpt>
<trkpt lat="36.61963391378775" lon="126.2972115155342"><ele>0</ele><time></time></trkpt>
<trkpt lat="36.61979136224762" lon="126.2974470621749"><ele>0</ele><time></time></trkpt>
<trkpt lat="36.61990071367957" lon="126.2975866687955"><ele>0</ele><time></time></trkpt>
<trkpt lat="36.61990123469221" lon="126.297868679625"><ele>0</ele><time></time></trkpt>
<trkpt lat="36.61997158018364" lon="126.2981850326246"><ele>0</ele><time></time></trkpt>
<trkpt lat="36.62007161606829" lon="126.2984207118352"><ele>0</ele><time></time></trkpt>
<trkpt lat="36.6201094789257" lon="126.2985407112935"><ele>0</ele><time></time></trkpt>
<trkpt lat="36.6197932593981" lon="126.2990519000416"><ele>0</ele><time></time></trkpt>
<trkpt lat="36.6196284142132" lon="126.2993484721284"><ele>0</ele><time></time></trkpt>
<trkpt lat="36.61965060195284" lon="126.2994569423116"><ele>0</ele><time></time></trkpt>
<trkpt lat="36.61976902985749" lon="126.299461853499"><ele>0</ele><time></time></trkpt>
<trkpt lat="36.61992118449221" lon="126.2993555863101"><ele>0</ele><time></time></trkpt>
<trkpt lat="36.62001479969101" lon="126.2992761004459"><ele>0</ele><time></time></trkpt>
<trkpt lat="36.62014487490121" lon="126.2992074665674"><ele>0</ele><time></time></trkpt>
<trkpt lat="36.62024385340696" lon="126.2991463868839"><ele>0</ele><time></time></trkpt>
<trkpt lat="36.62031547274183" lon="126.2988886328203"><ele>0</ele><time></time></trkpt>
<trkpt lat="36.62040285067563" lon="126.2987857362715"><ele>0</ele><time></time></trkpt>
<trkpt lat="36.6205281696615" lon="126.2987203297197"><ele>0</ele><time></time></trkpt>
<trkpt lat="36.62055900356246" lon="126.2986282529419"><ele>0</ele><time></time></trkpt>
<trkpt lat="36.62062781667766" lon="126.2985161227381"><ele>0</ele><time></time></trkpt>
<trkpt lat="36.6207746569757" lon="126.298441819836"><ele>0</ele><time></time></trkpt>
<trkpt lat="36.62094227928402" lon="126.2984915075447"><ele>0</ele><time></time></trkpt>
<trkpt lat="36.62115407708303" lon="126.2985295158175"><ele>0</ele><time></time></trkpt>
<trkpt lat="36.62129972291827" lon="126.2986125316294"><ele>0</ele><time></time></trkpt>
<trkpt lat="36.62140670686189" lon="126.2986777717139"><ele>0</ele><time></time></trkpt>
<trkpt lat="36.62151544841078" lon="126.2988291827205"><ele>0</ele><time></time></trkpt>
<trkpt lat="36.62165201626085" lon="126.2988750670652"><ele>0</ele><time></time></trkpt>
<trkpt lat="36.62176239631174" lon="126.2989390171354"><ele>0</ele><time></time></trkpt>
<trkpt lat="36.62188292664682" lon="126.2990422315499"><ele>0</ele><time></time></trkpt>
<trkpt lat="36.62204380978423" lon="126.2990797846774"><ele>0</ele><time></time></trkpt>
<trkpt lat="36.62224513108434" lon="126.2992262152036"><ele>0</ele><time></time></trkpt>
<trkpt lat="36.62248789502821" lon="126.2994357882845"><ele>0</ele><time></time></trkpt>
<trkpt lat="36.62265459036082" lon="126.2995533008617"><ele>0</ele><time></time></trkpt>
<trkpt lat="36.62288971383979" lon="126.2996740986706"><ele>0</ele><time></time></trkpt>
<trkpt lat="36.62312427046424" lon="126.2997322000569"><ele>0</ele><time></time></trkpt>
<trkpt lat="36.62335639237996" lon="126.2998878504388"><ele>0</ele><time></time></trkpt>
<trkpt lat="36.6235085130641" lon="126.300032423452"><ele>0</ele><time></time></trkpt>
<trkpt lat="36.62369012400446" lon="126.3001049181267"><ele>0</ele><time></time></trkpt>
<trkpt lat="36.62398499328637" lon="126.3002566535676"><ele>0</ele><time></time></trkpt>
<trkpt lat="36.62426890209124" lon="126.3004063658015"><ele>0</ele><time></time></trkpt>
<trkpt lat="36.6243866878724" lon="126.3006284663003"><ele>0</ele><time></time></trkpt>
<trkpt lat="36.62452616049366" lon="126.3008478248054"><ele>0</ele><time></time></trkpt>
<trkpt lat="36.62481686458757" lon="126.3009973633716"><ele>0</ele><time></time></trkpt>
<trkpt lat="36.62506121611811" lon="126.3009885165194"><ele>0</ele><time></time></trkpt>
<trkpt lat="36.62529074635265" lon="126.3010384499255"><ele>0</ele><time></time></trkpt>
<trkpt lat="36.62555601002047" lon="126.3011674186314"><ele>0</ele><time></time></trkpt>
<trkpt lat="36.62563342222744" lon="126.3013443464372"><ele>0</ele><time></time></trkpt>
<trkpt lat="36.62566876069647" lon="126.3014918386298"><ele>0</ele><time></time></trkpt>
<trkpt lat="36.62570994037238" lon="126.3017710771455"><ele>0</ele><time></time></trkpt>
<trkpt lat="36.62587907589081" lon="126.3019609751041"><ele>0</ele><time></time></trkpt>
<trkpt lat="36.62635904574371" lon="126.3019441647599"><ele>0</ele><time></time></trkpt>
<trkpt lat="36.62660002988943" lon="126.3020613013266"><ele>0</ele><time></time></trkpt>
<trkpt lat="36.62678598202544" lon="126.301993341063"><ele>0</ele><time></time></trkpt>
<trkpt lat="36.62685637266979" lon="126.301753457287"><ele>0</ele><time></time></trkpt>
<trkpt lat="36.62693591777014" lon="126.301584711661"><ele>0</ele><time></time></trkpt>
<trkpt lat="36.62728871121944" lon="126.3016190815297"><ele>0</ele><time></time></trkpt>
<trkpt lat="36.62742035079351" lon="126.3016870255611"><ele>0</ele><time></time></trkpt>
<trkpt lat="36.62766958279515" lon="126.3016299757044"><ele>0</ele><time></time></trkpt>
<trkpt lat="36.62785935591509" lon="126.3015872915671"><ele>0</ele><time></time></trkpt>
<trkpt lat="36.62797759571036" lon="126.3015598146039"><ele>0</ele><time></time></trkpt>
<trkpt lat="36.62815051711612" lon="126.3016136263462"><ele>0</ele><time></time></trkpt>
<trkpt lat="36.62837606472495" lon="126.3016334783519"><ele>0</ele><time></time></trkpt>
<trkpt lat="36.62851029239329" lon="126.3016310822911"><ele>0</ele><time></time></trkpt>
<trkpt lat="36.62876185698944" lon="126.3017008981452"><ele>0</ele><time></time></trkpt>
<trkpt lat="36.62897457723562" lon="126.3016548116176"><ele>0</ele><time></time></trkpt>
<trkpt lat="36.6292285921309" lon="126.3016224872524"><ele>0</ele><time></time></trkpt>
<trkpt lat="36.62947837049342" lon="126.3016451204517"><ele>0</ele><time></time></trkpt>
<trkpt lat="36.62971178362216" lon="126.3016771190032"><ele>0</ele><time></time></trkpt>
<trkpt lat="36.62992150428208" lon="126.3016369924739"><ele>0</ele><time></time></trkpt>
<trkpt lat="36.63029534965749" lon="126.3016943759118"><ele>0</ele><time></time></trkpt>
<trkpt lat="36.6307224065242" lon="126.3017360192741"><ele>0</ele><time></time></trkpt>
<trkpt lat="36.63095588301638" lon="126.3017115908956"><ele>0</ele><time></time></trkpt>
<trkpt lat="36.63124843004838" lon="126.3015853635743"><ele>0</ele><time></time></trkpt>
<trkpt lat="36.63157898279763" lon="126.3016707116113"><ele>0</ele><time></time></trkpt>
<trkpt lat="36.63193575378399" lon="126.3017604391206"><ele>0</ele><time></time></trkpt>
<trkpt lat="36.63233206430503" lon="126.301707012525"><ele>0</ele><time></time></trkpt>
<trkpt lat="36.63267388785442" lon="126.3018914159659"><ele>0</ele><time></time></trkpt>
<trkpt lat="36.63306392361762" lon="126.3018663269535"><ele>0</ele><time></time></trkpt>
<trkpt lat="36.6335166066251" lon="126.301732868757"><ele>0</ele><time></time></trkpt>
<trkpt lat="36.63419141809233" lon="126.3016762941468"><ele>0</ele><time></time></trkpt>
<trkpt lat="36.63486269603272" lon="126.3014624951297"><ele>0</ele><time></time></trkpt>
<trkpt lat="36.63546614251926" lon="126.3014731743858"><ele>0</ele><time></time></trkpt>
<trkpt lat="36.63574107437246" lon="126.3017988468154"><ele>0</ele><time></time></trkpt>
<trkpt lat="36.63608942134505" lon="126.3023488189668"><ele>0</ele><time></time></trkpt>
<trkpt lat="36.63740802412134" lon="126.3023954600296"><ele>0</ele><time></time></trkpt>
<trkpt lat="36.63845575405107" lon="126.3024130058097"><ele>0</ele><time></time></trkpt>
<trkpt lat="36.6392528921823" lon="126.3024692708061"><ele>0</ele><time></time></trkpt>
<trkpt lat="36.64028772260213" lon="126.3026591171237"><ele>0</ele><time></time></trkpt>
<trkpt lat="36.64086050814745" lon="126.3024970285168"><ele>0</ele><time></time></trkpt>
<trkpt lat="36.64160416463319" lon="126.3022435500825"><ele>0</ele><time></time></trkpt>
<trkpt lat="36.64224326168644" lon="126.302034992842"><ele>0</ele><time></time></trkpt>
<trkpt lat="36.64293145333942" lon="126.3018102088808"><ele>0</ele><time></time></trkpt>
<trkpt lat="36.64380435654438" lon="126.3012023645006"><ele>0</ele><time></time></trkpt>
<trkpt lat="36.64463656345348" lon="126.3002933074877"><ele>0</ele><time></time></trkpt>
<trkpt lat="36.64483647417854" lon="126.3004763693255"><ele>0</ele><time></time></trkpt>
<trkpt lat="36.64508766597702" lon="126.3006067282666"><ele>0</ele><time></time></trkpt>
<trkpt lat="36.64535204396883" lon="126.3004867070417"><ele>0</ele><time></time></trkpt>
<trkpt lat="36.64558894787201" lon="126.3005443721827"><ele>0</ele><time></time></trkpt>
<trkpt lat="36.64607112909512" lon="126.3004654576625"><ele>0</ele><time></time></trkpt>
<trkpt lat="36.64653333893013" lon="126.3005244839828"><ele>0</ele><time></time></trkpt>
<trkpt lat="36.64678254144607" lon="126.3004545379521"><ele>0</ele><time></time></trkpt>
<trkpt lat="36.64702733878072" lon="126.3006228002937"><ele>0</ele><time></time></trkpt>
<trkpt lat="36.64745109758224" lon="126.3006818259061"><ele>0</ele><time></time></trkpt>
<trkpt lat="36.6476349504686" lon="126.3008388450187"><ele>0</ele><time></time></trkpt>
<trkpt lat="36.64763144020964" lon="126.3013380121259"><ele>0</ele><time></time></trkpt>
<trkpt lat="36.64800777458721" lon="126.3015349688153"><ele>0</ele><time></time></trkpt>
<trkpt lat="36.64850243641931" lon="126.3015700641982"><ele>0</ele><time></time></trkpt>
<trkpt lat="36.64925855885294" lon="126.3016313245531"><ele>0</ele><time></time></trkpt>
<trkpt lat="36.64962977630451" lon="126.3017386953261"><ele>0</ele><time></time></trkpt>
<trkpt lat="36.64997382915028" lon="126.3015606450962"><ele>0</ele><time></time></trkpt>
<trkpt lat="36.6502848477863" lon="126.3013703451071"><ele>0</ele><time></time></trkpt>
<trkpt lat="36.65057312644952" lon="126.3014425733509"><ele>0</ele><time></time></trkpt>
<trkpt lat="36.65087973410701" lon="126.3016964082675"><ele>0</ele><time></time></trkpt>
<trkpt lat="36.65115338889952" lon="126.3021077737354"><ele>0</ele><time></time></trkpt>
<trkpt lat="36.65157103190155" lon="126.3021468602354"><ele>0</ele><time></time></trkpt>
<trkpt lat="36.65179725057546" lon="126.301968323645"><ele>0</ele><time></time></trkpt>
<trkpt lat="36.65208050705868" lon="126.3018597246132"><ele>0</ele><time></time></trkpt>
<trkpt lat="36.65231027114892" lon="126.3016054462529"><ele>0</ele><time></time></trkpt>
<trkpt lat="36.65242350464806" lon="126.3013821431944"><ele>0</ele><time></time></trkpt>
<trkpt lat="36.65271122145276" lon="126.3013825162448"><ele>0</ele><time></time></trkpt>
<trkpt lat="36.65286478917378" lon="126.3011245357205"><ele>0</ele><time></time></trkpt>
<trkpt lat="36.65298887027901" lon="126.3010925562972"><ele>0</ele><time></time></trkpt>
<trkpt lat="36.65316570477562" lon="126.3009232526126"><ele>0</ele><time></time></trkpt>
<trkpt lat="36.65340203374961" lon="126.3007430068178"><ele>0</ele><time></time></trkpt>
<trkpt lat="36.65364464290945" lon="126.300500658999"><ele>0</ele><time></time></trkpt>
<trkpt lat="36.65380471121294" lon="126.3002901541965"><ele>0</ele><time></time></trkpt>
<trkpt lat="36.65375384524622" lon="126.2999023238998"><ele>0</ele><time></time></trkpt>
<trkpt lat="36.65379575868194" lon="126.2995129864975"><ele>0</ele><time></time></trkpt>
<trkpt lat="36.65400812647909" lon="126.2991990159028"><ele>0</ele><time></time></trkpt>
<trkpt lat="36.65437949136233" lon="126.298884378219"><ele>0</ele><time></time></trkpt>
<trkpt lat="36.65465795746407" lon="126.2987785705254"><ele>0</ele><time></time></trkpt>
<trkpt lat="36.65496449591745" lon="126.2984526612719"><ele>0</ele><time></time></trkpt>
<trkpt lat="36.65516130921355" lon="126.2980641949027"><ele>0</ele><time></time></trkpt>
<trkpt lat="36.65549412012374" lon="126.2979241532445"><ele>0</ele><time></time></trkpt>
<trkpt lat="36.65591895609954" lon="126.2977101025"><ele>0</ele><time></time></trkpt>
<trkpt lat="36.65624861939273" lon="126.2977500483344"><ele>0</ele><time></time></trkpt>
<trkpt lat="36.65669792940564" lon="126.2977303269565"><ele>0</ele><time></time></trkpt>
<trkpt lat="36.65695049419605" lon="126.2979102695478"><ele>0</ele><time></time></trkpt>
<trkpt lat="36.65718798725158" lon="126.2979198561348"><ele>0</ele><time></time></trkpt>
<trkpt lat="36.65761334124326" lon="126.2980612265875"><ele>0</ele><time></time></trkpt>
<trkpt lat="36.65803390250147" lon="126.2980966074204"><ele>0</ele><time></time></trkpt>
<trkpt lat="36.65824446892693" lon="126.298011721182"><ele>0</ele><time></time></trkpt>
<trkpt lat="36.65850756634786" lon="126.2979138658948"><ele>0</ele><time></time></trkpt>
<trkpt lat="36.65894463516511" lon="126.2979895712797"><ele>0</ele><time></time></trkpt>
<trkpt lat="36.65917348809025" lon="126.2980651839663"><ele>0</ele><time></time></trkpt>
<trkpt lat="36.65943046568225" lon="126.2978355174848"><ele>0</ele><time></time></trkpt>
<trkpt lat="36.65978053442249" lon="126.2972855664385"><ele>0</ele><time></time></trkpt>
<trkpt lat="36.65982722683707" lon="126.2960737496959"><ele>0</ele><time></time></trkpt>
<trkpt lat="36.65981217080668" lon="126.2955004168229"><ele>0</ele><time></time></trkpt>
<trkpt lat="36.66010773552438" lon="126.2951913435791"><ele>0</ele><time></time></trkpt>
<trkpt lat="36.66000601801424" lon="126.2950239916621"><ele>0</ele><time></time></trkpt>
<trkpt lat="36.6598482840532" lon="126.2947329125816"><ele>0</ele><time></time></trkpt>
<trkpt lat="36.66019651711406" lon="126.2942569191523"><ele>0</ele><time></time></trkpt>
<trkpt lat="36.66054106466451" lon="126.2939721716699"><ele>0</ele><time></time></trkpt>
<trkpt lat="36.66153215940994" lon="126.2932763297826"><ele>0</ele><time></time></trkpt>
<trkpt lat="36.6618330348515" lon="126.2930761245697"><ele>0</ele><time></time></trkpt>
<trkpt lat="36.66218319203755" lon="126.2928100810396"><ele>0</ele><time></time></trkpt>
<trkpt lat="36.66283244065402" lon="126.2923099739916"><ele>0</ele><time></time></trkpt>
<trkpt lat="36.66296148729519" lon="126.2924238193226"><ele>0</ele><time></time></trkpt>
<trkpt lat="36.6632120644429" lon="126.2923395902691"><ele>0</ele><time></time></trkpt>
<trkpt lat="36.66344748251031" lon="126.2921522155208"><ele>0</ele><time></time></trkpt>
<trkpt lat="36.66372067649934" lon="126.2919407351503"><ele>0</ele><time></time></trkpt>
<trkpt lat="36.66394041115201" lon="126.2918237717028"><ele>0</ele><time></time></trkpt>
<trkpt lat="36.66424005529087" lon="126.2916582143971"><ele>0</ele><time></time></trkpt>
<trkpt lat="36.66456541751212" lon="126.2915190755044"><ele>0</ele><time></time></trkpt>
<trkpt lat="36.66485644442053" lon="126.2914034406788"><ele>0</ele><time></time></trkpt>
<trkpt lat="36.66526434008537" lon="126.2911538416629"><ele>0</ele><time></time></trkpt>
<trkpt lat="36.66544700867179" lon="126.290888785085"><ele>0</ele><time></time></trkpt>
<trkpt lat="36.66562920367387" lon="126.2906924591255"><ele>0</ele><time></time></trkpt>
<trkpt lat="36.66577796668814" lon="126.290556741759"><ele>0</ele><time></time></trkpt>
<trkpt lat="36.66603080978944" lon="126.2901507819124"><ele>0</ele><time></time></trkpt>
<trkpt lat="36.66656304591413" lon="126.2897286727272"><ele>0</ele><time></time></trkpt>
<trkpt lat="36.66688738772778" lon="126.2894543654283"><ele>0</ele><time></time></trkpt>
<trkpt lat="36.66748547066603" lon="126.2889385237195"><ele>0</ele><time></time></trkpt>
<trkpt lat="36.66851083794904" lon="126.2880135360582"><ele>0</ele><time></time></trkpt>
<trkpt lat="36.66957878804623" lon="126.2871138876156"><ele>0</ele><time></time></trkpt>
<trkpt lat="36.66989108269041" lon="126.2871944947657"><ele>0</ele><time></time></trkpt>
<trkpt lat="36.67040133765989" lon="126.287545352834"><ele>0</ele><time></time></trkpt>
<trkpt lat="36.67094069705635" lon="126.2880773178904"><ele>0</ele><time></time></trkpt>
<trkpt lat="36.67185005800026" lon="126.2890392148258"><ele>0</ele><time></time></trkpt>
<trkpt lat="36.67230688387271" lon="126.2887584844741"><ele>0</ele><time></time></trkpt>
<trkpt lat="36.67296158812417" lon="126.2878551449435"><ele>0</ele><time></time></trkpt>
<trkpt lat="36.6732615976075" lon="126.2872720369276"><ele>0</ele><time></time></trkpt>
<trkpt lat="36.67335700874845" lon="126.2864484482268"><ele>0</ele><time></time></trkpt>
<trkpt lat="36.67386252220874" lon="126.2858215140424"><ele>0</ele><time></time></trkpt>
<trkpt lat="36.67424066311093" lon="126.2849390642548"><ele>0</ele><time></time></trkpt>
<trkpt lat="36.67445305876168" lon="126.2842065905175"><ele>0</ele><time></time></trkpt>
<trkpt lat="36.67468809497233" lon="126.2833722326892"><ele>0</ele><time></time></trkpt>
<trkpt lat="36.67512622248152" lon="126.2824865378324"><ele>0</ele><time></time></trkpt>
<trkpt lat="36.67561731361448" lon="126.2806905761743"><ele>0</ele><time></time></trkpt>
<trkpt lat="36.67527639973152" lon="126.2796574674202"><ele>0</ele><time></time></trkpt>
<trkpt lat="36.67489671451258" lon="126.279011896253"><ele>0</ele><time></time></trkpt>
<trkpt lat="36.67552734107542" lon="126.2784609410552"><ele>0</ele><time></time></trkpt>
<trkpt lat="36.67583763943107" lon="126.2778997559327"><ele>0</ele><time></time></trkpt>
<trkpt lat="36.67596331398016" lon="126.2775932247158"><ele>0</ele><time></time></trkpt>
<trkpt lat="36.67514814644057" lon="126.2763739471724"><ele>0</ele><time></time></trkpt>
<trkpt lat="36.67448595911168" lon="126.2755990939168"><ele>0</ele><time></time></trkpt>
<trkpt lat="36.67430371364021" lon="126.2748568849442"><ele>0</ele><time></time></trkpt>
<trkpt lat="36.67385115258098" lon="126.2743381333713"><ele>0</ele><time></time></trkpt>
<trkpt lat="36.6733684429936" lon="126.2735159589774"><ele>0</ele><time></time></trkpt>
<trkpt lat="36.67326739437628" lon="126.2728016184551"><ele>0</ele><time></time></trkpt>
</trkseg>
</trk>
<trk>
<name></name>
<trkseg>
<trkpt lat="36.67306522247286" lon="126.2724355093771"><ele>0</ele><time></time></trkpt>
<trkpt lat="36.67364428987658" lon="126.2717372981243"><ele>0</ele><time></time></trkpt>
<trkpt lat="36.67382866536065" lon="126.2712894305895"><ele>0</ele><time></time></trkpt>
<trkpt lat="36.67400031844376" lon="126.2709806234528"><ele>0</ele><time></time></trkpt>
<trkpt lat="36.67433952624457" lon="126.2702842945794"><ele>0</ele><time></time></trkpt>
<trkpt lat="36.67477734022404" lon="126.270194306466"><ele>0</ele><time></time></trkpt>
<trkpt lat="36.67514224174652" lon="126.2700917513225"><ele>0</ele><time></time></trkpt>
<trkpt lat="36.67542977104485" lon="126.2697663102248"><ele>0</ele><time></time></trkpt>
<trkpt lat="36.67601215539935" lon="126.2696069773132"><ele>0</ele><time></time></trkpt>
<trkpt lat="36.67619477634132" lon="126.2697837978207"><ele>0</ele><time></time></trkpt>
<trkpt lat="36.67633990460688" lon="126.270077983843"><ele>0</ele><time></time></trkpt>
<trkpt lat="36.67668400843228" lon="126.2705284727342"><ele>0</ele><time></time></trkpt>
<trkpt lat="36.67690192837889" lon="126.2711216099403"><ele>0</ele><time></time></trkpt>
<trkpt lat="36.67716923535041" lon="126.2715552419729"><ele>0</ele><time></time></trkpt>
<trkpt lat="36.67745578237327" lon="126.2721175042669"><ele>0</ele><time></time></trkpt>
<trkpt lat="36.67789743320733" lon="126.2725558260523"><ele>0</ele><time></time></trkpt>
<trkpt lat="36.67856621374385" lon="126.2726890929472"><ele>0</ele><time></time></trkpt>
<trkpt lat="36.67958163266683" lon="126.2721503351054"><ele>0</ele><time></time></trkpt>
<trkpt lat="36.6807613549421" lon="126.2716101238613"><ele>0</ele><time></time></trkpt>
<trkpt lat="36.68180834505423" lon="126.271043374426"><ele>0</ele><time></time></trkpt>
<trkpt lat="36.68299414354239" lon="126.2703024913996"><ele>0</ele><time></time></trkpt>
<trkpt lat="36.68404497709141" lon="126.2697765999185"><ele>0</ele><time></time></trkpt>
<trkpt lat="36.68500225087197" lon="126.2696284909366"><ele>0</ele><time></time></trkpt>
<trkpt lat="36.68550780552219" lon="126.269419667113"><ele>0</ele><time></time></trkpt>
<trkpt lat="36.6856994878584" lon="126.2690171865692"><ele>0</ele><time></time></trkpt>
<trkpt lat="36.68578493042303" lon="126.2686266188218"><ele>0</ele><time></time></trkpt>
<trkpt lat="36.68600203689726" lon="126.2684005184936"><ele>0</ele><time></time></trkpt>
<trkpt lat="36.6864273498514" lon="126.2684255290031"><ele>0</ele><time></time></trkpt>
<trkpt lat="36.68666797470068" lon="126.268318494845"><ele>0</ele><time></time></trkpt>
<trkpt lat="36.68700535623539" lon="126.268569337549"><ele>0</ele><time></time></trkpt>
<trkpt lat="36.6871983293217" lon="126.268423742368"><ele>0</ele><time></time></trkpt>
<trkpt lat="36.68744151417651" lon="126.268458655324"><ele>0</ele><time></time></trkpt>
<trkpt lat="36.6876245194138" lon="126.2683661567933"><ele>0</ele><time></time></trkpt>
<trkpt lat="36.68783553081619" lon="126.2681384987526"><ele>0</ele><time></time></trkpt>
<trkpt lat="36.68802908570807" lon="126.2679570202171"><ele>0</ele><time></time></trkpt>
<trkpt lat="36.68830582161893" lon="126.2676203529208"><ele>0</ele><time></time></trkpt>
<trkpt lat="36.68861763719765" lon="126.2676196645985"><ele>0</ele><time></time></trkpt>
<trkpt lat="36.68899192713381" lon="126.2678845940546"><ele>0</ele><time></time></trkpt>
<trkpt lat="36.68933808144563" lon="126.2677567138771"><ele>0</ele><time></time></trkpt>
<trkpt lat="36.69002463326846" lon="126.2677535146113"><ele>0</ele><time></time></trkpt>
<trkpt lat="36.69029404490014" lon="126.2681873415398"><ele>0</ele><time></time></trkpt>
<trkpt lat="36.69041009348928" lon="126.2685584783425"><ele>0</ele><time></time></trkpt>
<trkpt lat="36.69060935840533" lon="126.2687521580715"><ele>0</ele><time></time></trkpt>
<trkpt lat="36.69182684129963" lon="126.2689939702434"><ele>0</ele><time></time></trkpt>
<trkpt lat="36.69227921933802" lon="126.2698942320977"><ele>0</ele><time></time></trkpt>
<trkpt lat="36.6933352144222" lon="126.269392698389"><ele>0</ele><time></time></trkpt>
<trkpt lat="36.69385358617856" lon="126.2700361010932"><ele>0</ele><time></time></trkpt>
<trkpt lat="36.69429899933159" lon="126.2699155862922"><ele>0</ele><time></time></trkpt>
<trkpt lat="36.69507548754729" lon="126.2693121709222"><ele>0</ele><time></time></trkpt>
<trkpt lat="36.69540662252312" lon="126.2690135033054"><ele>0</ele><time></time></trkpt>
<trkpt lat="36.69543122612284" lon="126.2683227426482"><ele>0</ele><time></time></trkpt>
<trkpt lat="36.69554830063277" lon="126.2674637610638"><ele>0</ele><time></time></trkpt>
<trkpt lat="36.69532675047982" lon="126.2668657127146"><ele>0</ele><time></time></trkpt>
<trkpt lat="36.69579844784359" lon="126.2648421083834"><ele>0</ele><time></time></trkpt>
<trkpt lat="36.69612520235252" lon="126.2638728270598"><ele>0</ele><time></time></trkpt>
<trkpt lat="36.69678322509298" lon="126.2628766023836"><ele>0</ele><time></time></trkpt>
<trkpt lat="36.69754048161634" lon="126.2636871919009"><ele>0</ele><time></time></trkpt>
<trkpt lat="36.69866853633326" lon="126.2649524793669"><ele>0</ele><time></time></trkpt>
<trkpt lat="36.69978465915727" lon="126.2664995214351"><ele>0</ele><time></time></trkpt>
<trkpt lat="36.7008534241843" lon="126.2679198123623"><ele>0</ele><time></time></trkpt>
<trkpt lat="36.70112689093447" lon="126.2694932363009"><ele>0</ele><time></time></trkpt>
<trkpt lat="36.70130572842744" lon="126.2701410240181"><ele>0</ele><time></time></trkpt>
<trkpt lat="36.7021988254489" lon="126.2713895459413"><ele>0</ele><time></time></trkpt>
<trkpt lat="36.70337809324516" lon="126.2731212840104"><ele>0</ele><time></time></trkpt>
<trkpt lat="36.70365259096043" lon="126.2736411816986"><ele>0</ele><time></time></trkpt>
<trkpt lat="36.70417697234003" lon="126.2738277108392"><ele>0</ele><time></time></trkpt>
<trkpt lat="36.70459266594321" lon="126.2740153353375"><ele>0</ele><time></time></trkpt>
<trkpt lat="36.70531825046312" lon="126.2739903533757"><ele>0</ele><time></time></trkpt>
<trkpt lat="36.70563473434506" lon="126.2739287046166"><ele>0</ele><time></time></trkpt>
<trkpt lat="36.70632133192801" lon="126.2739236738522"><ele>0</ele><time></time></trkpt>
<trkpt lat="36.70684378429581" lon="126.2741715363235"><ele>0</ele><time></time></trkpt>
<trkpt lat="36.70760399700696" lon="126.2739556728389"><ele>0</ele><time></time></trkpt>
<trkpt lat="36.70831654108502" lon="126.2737884885959"><ele>0</ele><time></time></trkpt>
<trkpt lat="36.70844557287815" lon="126.2737037505953"><ele>0</ele><time></time></trkpt>
<trkpt lat="36.7083478688283" lon="126.2729556053511"><ele>0</ele><time></time></trkpt>
<trkpt lat="36.70863722582494" lon="126.272525680945"><ele>0</ele><time></time></trkpt>
<trkpt lat="36.7090232532241" lon="126.2723409070219"><ele>0</ele><time></time></trkpt>
<trkpt lat="36.70914936681972" lon="126.2726208181608"><ele>0</ele><time></time></trkpt>
<trkpt lat="36.70983913317031" lon="126.2730129827174"><ele>0</ele><time></time></trkpt>
<trkpt lat="36.71029099862904" lon="126.273389815616"><ele>0</ele><time></time></trkpt>
<trkpt lat="36.71085144420267" lon="126.2740940142122"><ele>0</ele><time></time></trkpt>
<trkpt lat="36.71118024972544" lon="126.2736565605307"><ele>0</ele><time></time></trkpt>
<trkpt lat="36.71196554478218" lon="126.2741312399542"><ele>0</ele><time></time></trkpt>
<trkpt lat="36.71238001084217" lon="126.2741954550722"><ele>0</ele><time></time></trkpt>
<trkpt lat="36.71265030388312" lon="126.2742755535401"><ele>0</ele><time></time></trkpt>
<trkpt lat="36.7133290007641" lon="126.2740645882383"><ele>0</ele><time></time></trkpt>
<trkpt lat="36.71401976545231" lon="126.2731949016849"><ele>0</ele><time></time></trkpt>
<trkpt lat="36.71434483263604" lon="126.2724741312615"><ele>0</ele><time></time></trkpt>
<trkpt lat="36.71513403376061" lon="126.271981990899"><ele>0</ele><time></time></trkpt>
<trkpt lat="36.71584937730393" lon="126.2724399922759"><ele>0</ele><time></time></trkpt>
<trkpt lat="36.71582461885212" lon="126.2727512773138"><ele>0</ele><time></time></trkpt>
<trkpt lat="36.71610031642162" lon="126.2735922031321"><ele>0</ele><time></time></trkpt>
<trkpt lat="36.71666506210831" lon="126.2744010725952"><ele>0</ele><time></time></trkpt>
<trkpt lat="36.7173820682857" lon="126.2747060682317"><ele>0</ele><time></time></trkpt>
<trkpt lat="36.71787661001211" lon="126.2751924039043"><ele>0</ele><time></time></trkpt>
<trkpt lat="36.71831568297102" lon="126.2761640192625"><ele>0</ele><time></time></trkpt>
<trkpt lat="36.71878054596648" lon="126.276199173942"><ele>0</ele><time></time></trkpt>
<trkpt lat="36.71936115339638" lon="126.2761041008123"><ele>0</ele><time></time></trkpt>
<trkpt lat="36.71977176772531" lon="126.276271030325"><ele>0</ele><time></time></trkpt>
<trkpt lat="36.72024039747096" lon="126.2768082838263"><ele>0</ele><time></time></trkpt>
<trkpt lat="36.72029392769118" lon="126.2774741648998"><ele>0</ele><time></time></trkpt>
<trkpt lat="36.72040434682809" lon="126.2795934544436"><ele>0</ele><time></time></trkpt>
<trkpt lat="36.72128601614097" lon="126.2805418413527"><ele>0</ele><time></time></trkpt>
<trkpt lat="36.72239692817685" lon="126.2812596075498"><ele>0</ele><time></time></trkpt>
<trkpt lat="36.72281638227127" lon="126.2813793804278"><ele>0</ele><time></time></trkpt>
<trkpt lat="36.72404230074373" lon="126.2822368944226"><ele>0</ele><time></time></trkpt>
<trkpt lat="36.7245350011791" lon="126.2826034899248"><ele>0</ele><time></time></trkpt>
<trkpt lat="36.72533077279937" lon="126.2825460078379"><ele>0</ele><time></time></trkpt>
<trkpt lat="36.72655461141223" lon="126.2818986426081"><ele>0</ele><time></time></trkpt>
<trkpt lat="36.72776270099668" lon="126.2807413094839"><ele>0</ele><time></time></trkpt>
<trkpt lat="36.72852648103486" lon="126.2799739188968"><ele>0</ele><time></time></trkpt>
<trkpt lat="36.72879222874673" lon="126.2798397735014"><ele>0</ele><time></time></trkpt>
<trkpt lat="36.72927214955426" lon="126.2794494893548"><ele>0</ele><time></time></trkpt>
<trkpt lat="36.72979311354921" lon="126.2795200337327"><ele>0</ele><time></time></trkpt>
<trkpt lat="36.7300614171816" lon="126.279062082751"><ele>0</ele><time></time></trkpt>
<trkpt lat="36.73037696780471" lon="126.2776819889352"><ele>0</ele><time></time></trkpt>
<trkpt lat="36.73058016762112" lon="126.276909547451"><ele>0</ele><time></time></trkpt>
<trkpt lat="36.73125284606299" lon="126.2766747866629"><ele>0</ele><time></time></trkpt>
<trkpt lat="36.73215628888303" lon="126.2765980427725"><ele>0</ele><time></time></trkpt>
<trkpt lat="36.73277791661604" lon="126.2765634004722"><ele>0</ele><time></time></trkpt>
<trkpt lat="36.73316376851559" lon="126.2768189081907"><ele>0</ele><time></time></trkpt>
<trkpt lat="36.73378568647944" lon="126.2770057143601"><ele>0</ele><time></time></trkpt>
<trkpt lat="36.73454475586694" lon="126.2775310066274"><ele>0</ele><time></time></trkpt>
<trkpt lat="36.73537163920954" lon="126.2783693222044"><ele>0</ele><time></time></trkpt>
<trkpt lat="36.73600779486956" lon="126.2787610685308"><ele>0</ele><time></time></trkpt>
<trkpt lat="36.73674733771021" lon="126.2788275568769"><ele>0</ele><time></time></trkpt>
<trkpt lat="36.7378668741809" lon="126.2797481062388"><ele>0</ele><time></time></trkpt>
<trkpt lat="36.7384214824361" lon="126.2804458065674"><ele>0</ele><time></time></trkpt>
<trkpt lat="36.73868151272684" lon="126.2803247091774"><ele>0</ele><time></time></trkpt>
<trkpt lat="36.7393140387004" lon="126.2803804125717"><ele>0</ele><time></time></trkpt>
<trkpt lat="36.73964876030907" lon="126.2802145012137"><ele>0</ele><time></time></trkpt>
<trkpt lat="36.7400650511832" lon="126.2794473981429"><ele>0</ele><time></time></trkpt>
<trkpt lat="36.74012071142482" lon="126.2792045242773"><ele>0</ele><time></time></trkpt>
<trkpt lat="36.74060835676501" lon="126.2786094370015"><ele>0</ele><time></time></trkpt>
<trkpt lat="36.74070928203447" lon="126.2779512408649"><ele>0</ele><time></time></trkpt>
<trkpt lat="36.74099705632479" lon="126.2778195258755"><ele>0</ele><time></time></trkpt>
<trkpt lat="36.74140360318628" lon="126.2777913032213"><ele>0</ele><time></time></trkpt>
<trkpt lat="36.74228469285519" lon="126.2783067048469"><ele>0</ele><time></time></trkpt>
<trkpt lat="36.7426988213883" lon="126.2787458731781"><ele>0</ele><time></time></trkpt>
<trkpt lat="36.74279283951394" lon="126.2795348723797"><ele>0</ele><time></time></trkpt>
<trkpt lat="36.74326418603451" lon="126.2801281777769"><ele>0</ele><time></time></trkpt>
<trkpt lat="36.7437977205514" lon="126.280769420304"><ele>0</ele><time></time></trkpt>
<trkpt lat="36.74457216696707" lon="126.2816863681538"><ele>0</ele><time></time></trkpt>
<trkpt lat="36.74498511360576" lon="126.2823360913041"><ele>0</ele><time></time></trkpt>
<trkpt lat="36.7457174907572" lon="126.2832047755024"><ele>0</ele><time></time></trkpt>
<trkpt lat="36.74659583400262" lon="126.2842014090989"><ele>0</ele><time></time></trkpt>
<trkpt lat="36.74693522113058" lon="126.285014996034"><ele>0</ele><time></time></trkpt>
<trkpt lat="36.74753065372209" lon="126.285608195279"><ele>0</ele><time></time></trkpt>
<trkpt lat="36.74793834946174" lon="126.2865636555338"><ele>0</ele><time></time></trkpt>
<trkpt lat="36.74841198005113" lon="126.287214038271"><ele>0</ele><time></time></trkpt>
<trkpt lat="36.74874416958309" lon="126.2873366771369"><ele>0</ele><time></time></trkpt>
<trkpt lat="36.74935878370529" lon="126.287420290967"><ele>0</ele><time></time></trkpt>
<trkpt lat="36.75013151068793" lon="126.2879326096596"><ele>0</ele><time></time></trkpt>
<trkpt lat="36.75060294121518" lon="126.2885098298531"><ele>0</ele><time></time></trkpt>
<trkpt lat="36.75102778104646" lon="126.2886868127205"><ele>0</ele><time></time></trkpt>
<trkpt lat="36.75123149875233" lon="126.2888653826045"><ele>0</ele><time></time></trkpt>
<trkpt lat="36.75136848173436" lon="126.2895393764824"><ele>0</ele><time></time></trkpt>
<trkpt lat="36.75109816504349" lon="126.2905077791575"><ele>0</ele><time></time></trkpt>
<trkpt lat="36.7508229459642" lon="126.2910077260727"><ele>0</ele><time></time></trkpt>
<trkpt lat="36.75077129279898" lon="126.2916351835534"><ele>0</ele><time></time></trkpt>
<trkpt lat="36.75102338071452" lon="126.292184038629"><ele>0</ele><time></time></trkpt>
<trkpt lat="36.75099008700893" lon="126.292801551146"><ele>0</ele><time></time></trkpt>
<trkpt lat="36.75135676175665" lon="126.2931298709383"><ele>0</ele><time></time></trkpt>
<trkpt lat="36.75192919021321" lon="126.2934478113084"><ele>0</ele><time></time></trkpt>
<trkpt lat="36.75233448232416" lon="126.2937693208094"><ele>0</ele><time></time></trkpt>
<trkpt lat="36.75318933515916" lon="126.2940759932612"><ele>0</ele><time></time></trkpt>
<trkpt lat="36.75403005187049" lon="126.294591993079"><ele>0</ele><time></time></trkpt>
<trkpt lat="36.75446881838185" lon="126.2949258291058"><ele>0</ele><time></time></trkpt>
<trkpt lat="36.75430729764754" lon="126.2957403193267"><ele>0</ele><time></time></trkpt>
<trkpt lat="36.75455380117177" lon="126.2961293226378"><ele>0</ele><time></time></trkpt>
<trkpt lat="36.75554805396483" lon="126.2962885393342"><ele>0</ele><time></time></trkpt>
<trkpt lat="36.75615721520528" lon="126.2963154704083"><ele>0</ele><time></time></trkpt>
<trkpt lat="36.75636160973458" lon="126.2963459874924"><ele>0</ele><time></time></trkpt>
<trkpt lat="36.75640754508327" lon="126.296852597729"><ele>0</ele><time></time></trkpt>
<trkpt lat="36.75677895454989" lon="126.2972970886184"><ele>0</ele><time></time></trkpt>
<trkpt lat="36.75749245683067" lon="126.2974199526042"><ele>0</ele><time></time></trkpt>
<trkpt lat="36.75771598557503" lon="126.2972798813298"><ele>0</ele><time></time></trkpt>
<trkpt lat="36.75804467521221" lon="126.2971031849263"><ele>0</ele><time></time></trkpt>
<trkpt lat="36.7581565306707" lon="126.2967064859266"><ele>0</ele><time></time></trkpt>
<trkpt lat="36.75818620064375" lon="126.296553255321"><ele>0</ele><time></time></trkpt>
</trkseg>
</trk>
<trk>
<name></name>
<trkseg>
<trkpt lat="36.75817675536602" lon="126.2964455056238"><ele>0</ele><time></time></trkpt>
<trkpt lat="36.75926911913486" lon="126.296493881477"><ele>0</ele><time></time></trkpt>
<trkpt lat="36.75984466644707" lon="126.2963920176365"><ele>0</ele><time></time></trkpt>
<trkpt lat="36.76009418132691" lon="126.2960148524151"><ele>0</ele><time></time></trkpt>
<trkpt lat="36.76041023960902" lon="126.2957511163925"><ele>0</ele><time></time></trkpt>
<trkpt lat="36.76052902028248" lon="126.2955107255903"><ele>0</ele><time></time></trkpt>
<trkpt lat="36.76093664883739" lon="126.2952849555588"><ele>0</ele><time></time></trkpt>
<trkpt lat="36.76141571259053" lon="126.2950175115461"><ele>0</ele><time></time></trkpt>
<trkpt lat="36.76193391760719" lon="126.2948908736587"><ele>0</ele><time></time></trkpt>
<trkpt lat="36.76202100906168" lon="126.2952097210849"><ele>0</ele><time></time></trkpt>
<trkpt lat="36.76196509157412" lon="126.2956609516949"><ele>0</ele><time></time></trkpt>
<trkpt lat="36.76197939735584" lon="126.2959972480161"><ele>0</ele><time></time></trkpt>
<trkpt lat="36.76186233966298" lon="126.2963682846555"><ele>0</ele><time></time></trkpt>
<trkpt lat="36.7620912418278" lon="126.2966155919169"><ele>0</ele><time></time></trkpt>
<trkpt lat="36.76233302371931" lon="126.2967127025575"><ele>0</ele><time></time></trkpt>
<trkpt lat="36.76262099853358" lon="126.2966182555511"><ele>0</ele><time></time></trkpt>
<trkpt lat="36.76295832548332" lon="126.2966780886024"><ele>0</ele><time></time></trkpt>
<trkpt lat="36.76325812161228" lon="126.2965487235383"><ele>0</ele><time></time></trkpt>
<trkpt lat="36.76356854988221" lon="126.2965088195407"><ele>0</ele><time></time></trkpt>
<trkpt lat="36.76380932066964" lon="126.2964561672293"><ele>0</ele><time></time></trkpt>
<trkpt lat="36.76405586620019" lon="126.2963758328501"><ele>0</ele><time></time></trkpt>
<trkpt lat="36.76423903276127" lon="126.2966069988861"><ele>0</ele><time></time></trkpt>
<trkpt lat="36.76435919319071" lon="126.2969696465486"><ele>0</ele><time></time></trkpt>
<trkpt lat="36.76467778980924" lon="126.2971127079093"><ele>0</ele><time></time></trkpt>
<trkpt lat="36.76490994806402" lon="126.2972033508559"><ele>0</ele><time></time></trkpt>
<trkpt lat="36.76525287301389" lon="126.2970882319927"><ele>0</ele><time></time></trkpt>
<trkpt lat="36.76548533600379" lon="126.2969668045364"><ele>0</ele><time></time></trkpt>
<trkpt lat="36.76576617632527" lon="126.2969657916598"><ele>0</ele><time></time></trkpt>
<trkpt lat="36.76598455352156" lon="126.2968630786731"><ele>0</ele><time></time></trkpt>
<trkpt lat="36.76624178587645" lon="126.2968486364185"><ele>0</ele><time></time></trkpt>
<trkpt lat="36.76671134183844" lon="126.2969834969116"><ele>0</ele><time></time></trkpt>
<trkpt lat="36.76718651743436" lon="126.2974178726557"><ele>0</ele><time></time></trkpt>
<trkpt lat="36.76719742549221" lon="126.2981107316015"><ele>0</ele><time></time></trkpt>
<trkpt lat="36.76733126550721" lon="126.2986613995402"><ele>0</ele><time></time></trkpt>
<trkpt lat="36.76712238040044" lon="126.2990964916723"><ele>0</ele><time></time></trkpt>
<trkpt lat="36.76705824570372" lon="126.2995792763696"><ele>0</ele><time></time></trkpt>
<trkpt lat="36.76742066778318" lon="126.2999389752105"><ele>0</ele><time></time></trkpt>
<trkpt lat="36.76718324337194" lon="126.3003398219742"><ele>0</ele><time></time></trkpt>
<trkpt lat="36.76695010034054" lon="126.300422220733"><ele>0</ele><time></time></trkpt>
<trkpt lat="36.76675446389289" lon="126.3008181215698"><ele>0</ele><time></time></trkpt>
<trkpt lat="36.76682120473127" lon="126.301526063065"><ele>0</ele><time></time></trkpt>
<trkpt lat="36.76694747290399" lon="126.3021108927795"><ele>0</ele><time></time></trkpt>
<trkpt lat="36.76707983142062" lon="126.3023964027395"><ele>0</ele><time></time></trkpt>
<trkpt lat="36.76716211314341" lon="126.3022235059677"><ele>0</ele><time></time></trkpt>
<trkpt lat="36.7670929431729" lon="126.3018736609842"><ele>0</ele><time></time></trkpt>
<trkpt lat="36.76699301451207" lon="126.3014373621602"><ele>0</ele><time></time></trkpt>
<trkpt lat="36.76703620175901" lon="126.3013087258156"><ele>0</ele><time></time></trkpt>
<trkpt lat="36.76712673181686" lon="126.3013014152621"><ele>0</ele><time></time></trkpt>
<trkpt lat="36.76727876281637" lon="126.3011878869882"><ele>0</ele><time></time></trkpt>
<trkpt lat="36.76760090073942" lon="126.3013636166024"><ele>0</ele><time></time></trkpt>
<trkpt lat="36.76806602581884" lon="126.3013769886211"><ele>0</ele><time></time></trkpt>
<trkpt lat="36.76827694731063" lon="126.3016679172803"><ele>0</ele><time></time></trkpt>
<trkpt lat="36.76845360647065" lon="126.3019905826234"><ele>0</ele><time></time></trkpt>
<trkpt lat="36.76865077977413" lon="126.3024013959732"><ele>0</ele><time></time></trkpt>
<trkpt lat="36.76875250573475" lon="126.3025930745624"><ele>0</ele><time></time></trkpt>
<trkpt lat="36.76893517379095" lon="126.3028555263326"><ele>0</ele><time></time></trkpt>
<trkpt lat="36.76910771291766" lon="126.3031586555873"><ele>0</ele><time></time></trkpt>
<trkpt lat="36.76917115757191" lon="126.3035038132887"><ele>0</ele><time></time></trkpt>
<trkpt lat="36.76931727373244" lon="126.3037565888828"><ele>0</ele><time></time></trkpt>
<trkpt lat="36.76936679546416" lon="126.30397455425"><ele>0</ele><time></time></trkpt>
<trkpt lat="36.76941385560929" lon="126.3042292552227"><ele>0</ele><time></time></trkpt>
<trkpt lat="36.76953007985097" lon="126.304770327502"><ele>0</ele><time></time></trkpt>
<trkpt lat="36.76988839167882" lon="126.3054848760957"><ele>0</ele><time></time></trkpt>
<trkpt lat="36.77034198187466" lon="126.3058811901076"><ele>0</ele><time></time></trkpt>
<trkpt lat="36.77050501388295" lon="126.3062292026503"><ele>0</ele><time></time></trkpt>
<trkpt lat="36.77058626489495" lon="126.3065183363496"><ele>0</ele><time></time></trkpt>
<trkpt lat="36.77060763821946" lon="126.306851772074"><ele>0</ele><time></time></trkpt>
<trkpt lat="36.77081804213243" lon="126.3072774176946"><ele>0</ele><time></time></trkpt>
<trkpt lat="36.77084875805691" lon="126.3075810554819"><ele>0</ele><time></time></trkpt>
<trkpt lat="36.77107718783705" lon="126.3079747684922"><ele>0</ele><time></time></trkpt>
<trkpt lat="36.77122894641971" lon="126.3083597173171"><ele>0</ele><time></time></trkpt>
<trkpt lat="36.77120309311334" lon="126.3087850964752"><ele>0</ele><time></time></trkpt>
<trkpt lat="36.77108995581285" lon="126.3092683311002"><ele>0</ele><time></time></trkpt>
<trkpt lat="36.77080883998016" lon="126.3097882191572"><ele>0</ele><time></time></trkpt>
<trkpt lat="36.77064202980068" lon="126.31040594597"><ele>0</ele><time></time></trkpt>
<trkpt lat="36.77037493026364" lon="126.3106890190566"><ele>0</ele><time></time></trkpt>
<trkpt lat="36.77005627028183" lon="126.310697858571"><ele>0</ele><time></time></trkpt>
<trkpt lat="36.76982597816937" lon="126.3109441758789"><ele>0</ele><time></time></trkpt>
<trkpt lat="36.7695549558611" lon="126.3112612331359"><ele>0</ele><time></time></trkpt>
<trkpt lat="36.76939023288416" lon="126.3120577725682"><ele>0</ele><time></time></trkpt>
<trkpt lat="36.76972754361171" lon="126.3125430703727"><ele>0</ele><time></time></trkpt>
<trkpt lat="36.76995024098777" lon="126.312873987266"><ele>0</ele><time></time></trkpt>
<trkpt lat="36.77015065089612" lon="126.3131982399859"><ele>0</ele><time></time></trkpt>
<trkpt lat="36.77047600194994" lon="126.3137406259313"><ele>0</ele><time></time></trkpt>
<trkpt lat="36.77067592922116" lon="126.3143568902787"><ele>0</ele><time></time></trkpt>
<trkpt lat="36.7711135439108" lon="126.3147794246205"><ele>0</ele><time></time></trkpt>
<trkpt lat="36.77169929156126" lon="126.3151972604374"><ele>0</ele><time></time></trkpt>
<trkpt lat="36.77228032829631" lon="126.3157399994101"><ele>0</ele><time></time></trkpt>
<trkpt lat="36.77277185101084" lon="126.317028732318"><ele>0</ele><time></time></trkpt>
<trkpt lat="36.77328428205792" lon="126.3185243008146"><ele>0</ele><time></time></trkpt>
<trkpt lat="36.77362762198133" lon="126.3193392786965"><ele>0</ele><time></time></trkpt>
<trkpt lat="36.77357161099344" lon="126.3198115229942"><ele>0</ele><time></time></trkpt>
<trkpt lat="36.77431596370678" lon="126.319545190573"><ele>0</ele><time></time></trkpt>
<trkpt lat="36.77494768397089" lon="126.3192272888279"><ele>0</ele><time></time></trkpt>
<trkpt lat="36.77527968897393" lon="126.3188905565499"><ele>0</ele><time></time></trkpt>
<trkpt lat="36.77562837640774" lon="126.3182743163835"><ele>0</ele><time></time></trkpt>
<trkpt lat="36.77646434099422" lon="126.3178469469629"><ele>0</ele><time></time></trkpt>
<trkpt lat="36.77700619449345" lon="126.3176365962586"><ele>0</ele><time></time></trkpt>
<trkpt lat="36.7774917291223" lon="126.3176689609352"><ele>0</ele><time></time></trkpt>
<trkpt lat="36.77835965890107" lon="126.3175465622257"><ele>0</ele><time></time></trkpt>
<trkpt lat="36.77899285173544" lon="126.3173512540563"><ele>0</ele><time></time></trkpt>
<trkpt lat="36.77962191405767" lon="126.3170316078104"><ele>0</ele><time></time></trkpt>
<trkpt lat="36.77986770586186" lon="126.3173072018069"><ele>0</ele><time></time></trkpt>
<trkpt lat="36.78033109956667" lon="126.3178991499604"><ele>0</ele><time></time></trkpt>
<trkpt lat="36.78056390338502" lon="126.318496389931"><ele>0</ele><time></time></trkpt>
<trkpt lat="36.78080718894551" lon="126.3185924945951"><ele>0</ele><time></time></trkpt>
<trkpt lat="36.78102280070851" lon="126.3176799295289"><ele>0</ele><time></time></trkpt>
<trkpt lat="36.78135011515874" lon="126.3174932472373"><ele>0</ele><time></time></trkpt>
<trkpt lat="36.78159211985773" lon="126.3168922699248"><ele>0</ele><time></time></trkpt>
<trkpt lat="36.78143359228311" lon="126.3165918880954"><ele>0</ele><time></time></trkpt>
<trkpt lat="36.78156478130128" lon="126.3163412900469"><ele>0</ele><time></time></trkpt>
<trkpt lat="36.78218878323908" lon="126.3163881539518"><ele>0</ele><time></time></trkpt>
<trkpt lat="36.78259425050704" lon="126.3163643237239"><ele>0</ele><time></time></trkpt>
<trkpt lat="36.78284796390186" lon="126.3161507825398"><ele>0</ele><time></time></trkpt>
<trkpt lat="36.78304368843699" lon="126.315826953266"><ele>0</ele><time></time></trkpt>
<trkpt lat="36.78329492249431" lon="126.3158259495134"><ele>0</ele><time></time></trkpt>
<trkpt lat="36.78344607062353" lon="126.3161413103672"><ele>0</ele><time></time></trkpt>
<trkpt lat="36.78351148850747" lon="126.316563140266"><ele>0</ele><time></time></trkpt>
<trkpt lat="36.78374659657625" lon="126.3170628303998"><ele>0</ele><time></time></trkpt>
<trkpt lat="36.78400775939754" lon="126.3169644488785"><ele>0</ele><time></time></trkpt>
<trkpt lat="36.78447164824883" lon="126.316872428446"><ele>0</ele><time></time></trkpt>
<trkpt lat="36.78498680872723" lon="126.3170260653272"><ele>0</ele><time></time></trkpt>
<trkpt lat="36.78530254487065" lon="126.3168924826971"><ele>0</ele><time></time></trkpt>
<trkpt lat="36.78569398024453" lon="126.3167464764414"><ele>0</ele><time></time></trkpt>
<trkpt lat="36.78603430332872" lon="126.3165879957486"><ele>0</ele><time></time></trkpt>
<trkpt lat="36.78625339765073" lon="126.3163891077386"><ele>0</ele><time></time></trkpt>
<trkpt lat="36.7865019923691" lon="126.316492651708"><ele>0</ele><time></time></trkpt>
<trkpt lat="36.78674228058122" lon="126.3169314670949"><ele>0</ele><time></time></trkpt>
<trkpt lat="36.78688865374293" lon="126.3173362122659"><ele>0</ele><time></time></trkpt>
<trkpt lat="36.78694635391813" lon="126.3177584820825"><ele>0</ele><time></time></trkpt>
<trkpt lat="36.78692057504098" lon="126.3184082332261"><ele>0</ele><time></time></trkpt>
<trkpt lat="36.78699737126013" lon="126.3189058062619"><ele>0</ele><time></time></trkpt>
<trkpt lat="36.78740502269797" lon="126.3193044740366"><ele>0</ele><time></time></trkpt>
<trkpt lat="36.78776055749709" lon="126.3197473207754"><ele>0</ele><time></time></trkpt>
<trkpt lat="36.78797945940261" lon="126.3200901001938"><ele>0</ele><time></time></trkpt>
<trkpt lat="36.78847702750249" lon="126.3206466905918"><ele>0</ele><time></time></trkpt>
<trkpt lat="36.78874101535816" lon="126.3212385959835"><ele>0</ele><time></time></trkpt>
<trkpt lat="36.78915808414386" lon="126.3218882040169"><ele>0</ele><time></time></trkpt>
<trkpt lat="36.78971569597812" lon="126.3225536315978"><ele>0</ele><time></time></trkpt>
<trkpt lat="36.79020741550458" lon="126.3229818336292"><ele>0</ele><time></time></trkpt>
<trkpt lat="36.79054231741107" lon="126.3232564671617"><ele>0</ele><time></time></trkpt>
<trkpt lat="36.79095021037292" lon="126.3235526129768"><ele>0</ele><time></time></trkpt>
<trkpt lat="36.79139484070039" lon="126.3238890289863"><ele>0</ele><time></time></trkpt>
<trkpt lat="36.79182744047812" lon="126.3245044732229"><ele>0</ele><time></time></trkpt>
<trkpt lat="36.79200465747503" lon="126.3251207412405"><ele>0</ele><time></time></trkpt>
<trkpt lat="36.79188808472422" lon="126.3257287845376"><ele>0</ele><time></time></trkpt>
<trkpt lat="36.79216973761403" lon="126.3262271350204"><ele>0</ele><time></time></trkpt>
<trkpt lat="36.79261180664768" lon="126.3267042468938"><ele>0</ele><time></time></trkpt>
<trkpt lat="36.79312654089867" lon="126.3270375828373"><ele>0</ele><time></time></trkpt>
<trkpt lat="36.79355552999176" lon="126.3271887080276"><ele>0</ele><time></time></trkpt>
<trkpt lat="36.79356378044104" lon="126.3276786420383"><ele>0</ele><time></time></trkpt>
<trkpt lat="36.79379053728279" lon="126.3279243841881"><ele>0</ele><time></time></trkpt>
<trkpt lat="36.7939195630009" lon="126.3282212259659"><ele>0</ele><time></time></trkpt>
<trkpt lat="36.79412185583338" lon="126.3285235063867"><ele>0</ele><time></time></trkpt>
<trkpt lat="36.79423863887378" lon="126.3288642958169"><ele>0</ele><time></time></trkpt>
<trkpt lat="36.79419026315343" lon="126.3293413919439"><ele>0</ele><time></time></trkpt>
<trkpt lat="36.79436599042696" lon="126.3296663310819"><ele>0</ele><time></time></trkpt>
<trkpt lat="36.79437445094261" lon="126.3299576368502"><ele>0</ele><time></time></trkpt>
<trkpt lat="36.79442696511422" lon="126.3302704022776"><ele>0</ele><time></time></trkpt>
<trkpt lat="36.79449255800502" lon="126.3306025949059"><ele>0</ele><time></time></trkpt>
<trkpt lat="36.79460743518759" lon="126.3310464879655"><ele>0</ele><time></time></trkpt>
<trkpt lat="36.79457497517451" lon="126.3313499161653"><ele>0</ele><time></time></trkpt>
<trkpt lat="36.79456658172917" lon="126.3315630908281"><ele>0</ele><time></time></trkpt>
<trkpt lat="36.79458202258121" lon="126.3318495191544"><ele>0</ele><time></time></trkpt>
<trkpt lat="36.79474495407978" lon="126.3323305646035"><ele>0</ele><time></time></trkpt>
<trkpt lat="36.79487429003797" lon="126.3327304751774"><ele>0</ele><time></time></trkpt>
<trkpt lat="36.79466187818881" lon="126.3331956383664"><ele>0</ele><time></time></trkpt>
<trkpt lat="36.79430618986042" lon="126.3341991724956"><ele>0</ele><time></time></trkpt>
<trkpt lat="36.79371858387336" lon="126.3351128342559"><ele>0</ele><time></time></trkpt>
<trkpt lat="36.79309457396221" lon="126.3361793924129"><ele>0</ele><time></time></trkpt>
<trkpt lat="36.79273694126232" lon="126.337155206715"><ele>0</ele><time></time></trkpt>
<trkpt lat="36.79250923212777" lon="126.3374841843123"><ele>0</ele><time></time></trkpt>
<trkpt lat="36.79242186497893" lon="126.3380922051649"><ele>0</ele><time></time></trkpt>
<trkpt lat="36.79226729355919" lon="126.3390900334482"><ele>0</ele><time></time></trkpt>
<trkpt lat="36.79201668319213" lon="126.339744705355"><ele>0</ele><time></time></trkpt>
<trkpt lat="36.79173138083316" lon="126.3404462694304"><ele>0</ele><time></time></trkpt>
<trkpt lat="36.7913986328272" lon="126.3409759992452"><ele>0</ele><time></time></trkpt>
<trkpt lat="36.79082635395695" lon="126.3415782071273"><ele>0</ele><time></time></trkpt>
<trkpt lat="36.79041679340776" lon="126.3419298212524"><ele>0</ele><time></time></trkpt>
<trkpt lat="36.78997332044808" lon="126.3425701378866"><ele>0</ele><time></time></trkpt>
<trkpt lat="36.78968089949943" lon="126.3429128676548"><ele>0</ele><time></time></trkpt>
<trkpt lat="36.789024487639" lon="126.3434392217018"><ele>0</ele><time></time></trkpt>
<trkpt lat="36.78845438473052" lon="126.3439562285898"><ele>0</ele><time></time></trkpt>
<trkpt lat="36.78799338510205" lon="126.3443034698395"><ele>0</ele><time></time></trkpt>
<trkpt lat="36.78761705431575" lon="126.3445308417206"><ele>0</ele><time></time></trkpt>
<trkpt lat="36.78757886437391" lon="126.3448618322634"><ele>0</ele><time></time></trkpt>
<trkpt lat="36.78775015724364" lon="126.3454539421149"><ele>0</ele><time></time></trkpt>
<trkpt lat="36.78774775939579" lon="126.3460320447875"><ele>0</ele><time></time></trkpt>
<trkpt lat="36.78801298894987" lon="126.3465610173706"><ele>0</ele><time></time></trkpt>
<trkpt lat="36.78835633108336" lon="126.3469350135945"><ele>0</ele><time></time></trkpt>
<trkpt lat="36.78862324906695" lon="126.3470483928775"><ele>0</ele><time></time></trkpt>
<trkpt lat="36.78925440308456" lon="126.3463709169573"><ele>0</ele><time></time></trkpt>
<trkpt lat="36.78968395139557" lon="126.3461270457502"><ele>0</ele><time></time></trkpt>
<trkpt lat="36.79000696399443" lon="126.3463896848752"><ele>0</ele><time></time></trkpt>
<trkpt lat="36.7898986699449" lon="126.3469082979944"><ele>0</ele><time></time></trkpt>
<trkpt lat="36.78972462629309" lon="126.3475504199708"><ele>0</ele><time></time></trkpt>
<trkpt lat="36.78957770902706" lon="126.3481489560011"><ele>0</ele><time></time></trkpt>
<trkpt lat="36.7895935280876" lon="126.3486494410799"><ele>0</ele><time></time></trkpt>
<trkpt lat="36.78985844523042" lon="126.3490570565093"><ele>0</ele><time></time></trkpt>
<trkpt lat="36.79031202892615" lon="126.3493630256043"><ele>0</ele><time></time></trkpt>
<trkpt lat="36.79053857574549" lon="126.3495893037345"><ele>0</ele><time></time></trkpt>
<trkpt lat="36.79110657921591" lon="126.3497435199217"><ele>0</ele><time></time></trkpt>
<trkpt lat="36.79168459474055" lon="126.3498267270945"><ele>0</ele><time></time></trkpt>
<trkpt lat="36.791809392395" lon="126.3504606534366"><ele>0</ele><time></time></trkpt>
<trkpt lat="36.79192526810368" lon="126.3509105922787"><ele>0</ele><time></time></trkpt>
<trkpt lat="36.79237423702739" lon="126.3504679761307"><ele>0</ele><time></time></trkpt>
<trkpt lat="36.79276431919919" lon="126.3502928024487"><ele>0</ele><time></time></trkpt>
<trkpt lat="36.79318926376118" lon="126.3509482713105"><ele>0</ele><time></time></trkpt>
<trkpt lat="36.79367824076486" lon="126.3517203288403"><ele>0</ele><time></time></trkpt>
<trkpt lat="36.79396504616641" lon="126.3522718281102"><ele>0</ele><time></time></trkpt>
<trkpt lat="36.79326510809079" lon="126.3525050457159"><ele>0</ele><time></time></trkpt>
<trkpt lat="36.79308059343504" lon="126.3529276275261"><ele>0</ele><time></time></trkpt>
<trkpt lat="36.79361113385935" lon="126.3537714974996"><ele>0</ele><time></time></trkpt>
<trkpt lat="36.79388617999034" lon="126.3543908641244"><ele>0</ele><time></time></trkpt>
<trkpt lat="36.79394516462756" lon="126.3552156912444"><ele>0</ele><time></time></trkpt>
<trkpt lat="36.79405865574534" lon="126.3553826921865"><ele>0</ele><time></time></trkpt>
<trkpt lat="36.79431792178518" lon="126.3559098978529"><ele>0</ele><time></time></trkpt>
<trkpt lat="36.79455182603434" lon="126.3562351257807"><ele>0</ele><time></time></trkpt>
<trkpt lat="36.79489152632996" lon="126.3564367504047"><ele>0</ele><time></time></trkpt>
<trkpt lat="36.79488049057888" lon="126.3569942440037"><ele>0</ele><time></time></trkpt>
<trkpt lat="36.79491416158443" lon="126.3576164549355"><ele>0</ele><time></time></trkpt>
<trkpt lat="36.79502039764985" lon="126.3580177705773"><ele>0</ele><time></time></trkpt>
<trkpt lat="36.79517150080184" lon="126.3583236896523"><ele>0</ele><time></time></trkpt>
<trkpt lat="36.79503247199146" lon="126.3585138938296"><ele>0</ele><time></time></trkpt>
<trkpt lat="36.79472440474183" lon="126.3586503127953"><ele>0</ele><time></time></trkpt>
<trkpt lat="36.7942920826798" lon="126.3586832413842"><ele>0</ele><time></time></trkpt>
<trkpt lat="36.79409796582046" lon="126.3587908115282"><ele>0</ele><time></time></trkpt>
<trkpt lat="36.79429978661413" lon="126.3591784979716"><ele>0</ele><time></time></trkpt>
<trkpt lat="36.79457999046637" lon="126.3595510656277"><ele>0</ele><time></time></trkpt>
<trkpt lat="36.79488937060096" lon="126.360203809182"><ele>0</ele><time></time></trkpt>
<trkpt lat="36.79506088696619" lon="126.3605958852038"><ele>0</ele><time></time></trkpt>
<trkpt lat="36.79486360776114" lon="126.360798568474"><ele>0</ele><time></time></trkpt>
<trkpt lat="36.79432502547913" lon="126.3609453056872"><ele>0</ele><time></time></trkpt>
<trkpt lat="36.7941019239681" lon="126.3612600681166"><ele>0</ele><time></time></trkpt>
<trkpt lat="36.79427769907705" lon="126.362731850506"><ele>0</ele><time></time></trkpt>
<trkpt lat="36.79387019739821" lon="126.3636398474297"><ele>0</ele><time></time></trkpt>
<trkpt lat="36.79368891032414" lon="126.3644697016718"><ele>0</ele><time></time></trkpt>
<trkpt lat="36.79362751759876" lon="126.3655526923479"><ele>0</ele><time></time></trkpt>
<trkpt lat="36.79341498400995" lon="126.3666804227043"><ele>0</ele><time></time></trkpt>
<trkpt lat="36.79326461940654" lon="126.3676154236067"><ele>0</ele><time></time></trkpt>
</trkseg>
</trk>
<trk>
<name></name>
<trkseg>
<trkpt lat="36.79314909142156" lon="126.3685123716352"><ele>0</ele><time></time></trkpt>
<trkpt lat="36.79336717248517" lon="126.3690581993666"><ele>0</ele><time></time></trkpt>
<trkpt lat="36.79369584396876" lon="126.3693549920787"><ele>0</ele><time></time></trkpt>
<trkpt lat="36.79398602253598" lon="126.3692009420398"><ele>0</ele><time></time></trkpt>
<trkpt lat="36.79426366068752" lon="126.3691676129411"><ele>0</ele><time></time></trkpt>
<trkpt lat="36.79479190466004" lon="126.3692089903096"><ele>0</ele><time></time></trkpt>
<trkpt lat="36.79563132086279" lon="126.3694546775611"><ele>0</ele><time></time></trkpt>
<trkpt lat="36.79645290752342" lon="126.3697410858254"><ele>0</ele><time></time></trkpt>
<trkpt lat="36.79706563506053" lon="126.3697486721668"><ele>0</ele><time></time></trkpt>
<trkpt lat="36.79745937247911" lon="126.3697613830248"><ele>0</ele><time></time></trkpt>
<trkpt lat="36.79782618598025" lon="126.3695514859536"><ele>0</ele><time></time></trkpt>
<trkpt lat="36.79823589506946" lon="126.3695104580854"><ele>0</ele><time></time></trkpt>
<trkpt lat="36.79864297544619" lon="126.3693598075389"><ele>0</ele><time></time></trkpt>
<trkpt lat="36.79919604451313" lon="126.3693129458378"><ele>0</ele><time></time></trkpt>
<trkpt lat="36.79969361024995" lon="126.3695412513225"><ele>0</ele><time></time></trkpt>
<trkpt lat="36.80017499433758" lon="126.3700215256232"><ele>0</ele><time></time></trkpt>
<trkpt lat="36.80060826097183" lon="126.3706933147715"><ele>0</ele><time></time></trkpt>
<trkpt lat="36.80100387577686" lon="126.3707991515566"><ele>0</ele><time></time></trkpt>
<trkpt lat="36.80105261048553" lon="126.370455089778"><ele>0</ele><time></time></trkpt>
<trkpt lat="36.80125218212011" lon="126.3700274536776"><ele>0</ele><time></time></trkpt>
<trkpt lat="36.80159481207224" lon="126.3699145557162"><ele>0</ele><time></time></trkpt>
<trkpt lat="36.80182715167196" lon="126.3700995939756"><ele>0</ele><time></time></trkpt>
<trkpt lat="36.80192191017432" lon="126.3708852255987"><ele>0</ele><time></time></trkpt>
<trkpt lat="36.80215269502455" lon="126.3711941753388"><ele>0</ele><time></time></trkpt>
<trkpt lat="36.80231535056827" lon="126.3717458686803"><ele>0</ele><time></time></trkpt>
<trkpt lat="36.80250603129484" lon="126.3721111463339"><ele>0</ele><time></time></trkpt>
<trkpt lat="36.80289378773643" lon="126.3722763647514"><ele>0</ele><time></time></trkpt>
<trkpt lat="36.80310384681336" lon="126.3724915404047"><ele>0</ele><time></time></trkpt>
<trkpt lat="36.80328489332667" lon="126.3728792382092"><ele>0</ele><time></time></trkpt>
<trkpt lat="36.80346748991116" lon="126.3731851177504"><ele>0</ele><time></time></trkpt>
<trkpt lat="36.80347771214838" lon="126.3734625652538"><ele>0</ele><time></time></trkpt>
<trkpt lat="36.80345852877089" lon="126.3737396700455"><ele>0</ele><time></time></trkpt>
<trkpt lat="36.80343197852017" lon="126.3739497764851"><ele>0</ele><time></time></trkpt>
<trkpt lat="36.80361353322864" lon="126.3742098765029"><ele>0</ele><time></time></trkpt>
<trkpt lat="36.80384003628443" lon="126.3744554412177"><ele>0</ele><time></time></trkpt>
<trkpt lat="36.80378793324466" lon="126.3748135127783"><ele>0</ele><time></time></trkpt>
<trkpt lat="36.8035122206587" lon="126.3752012666649"><ele>0</ele><time></time></trkpt>
<trkpt lat="36.8030991920876" lon="126.3754839712246"><ele>0</ele><time></time></trkpt>
<trkpt lat="36.80286527818451" lon="126.3759386834754"><ele>0</ele><time></time></trkpt>
<trkpt lat="36.80259525737232" lon="126.376502498608"><ele>0</ele><time></time></trkpt>
<trkpt lat="36.80233010720166" lon="126.3769002508116"><ele>0</ele><time></time></trkpt>
<trkpt lat="36.80189817855637" lon="126.3771961084707"><ele>0</ele><time></time></trkpt>
<trkpt lat="36.80156980053412" lon="126.3773927846862"><ele>0</ele><time></time></trkpt>
<trkpt lat="36.80143502841206" lon="126.3777661872408"><ele>0</ele><time></time></trkpt>
<trkpt lat="36.8015339183883" lon="126.3780521382504"><ele>0</ele><time></time></trkpt>
<trkpt lat="36.80147879056632" lon="126.3786122378338"><ele>0</ele><time></time></trkpt>
<trkpt lat="36.80139316831639" lon="126.3790857623243"><ele>0</ele><time></time></trkpt>
<trkpt lat="36.80117934423918" lon="126.3802051517062"><ele>0</ele><time></time></trkpt>
<trkpt lat="36.80133645861765" lon="126.3809248644054"><ele>0</ele><time></time></trkpt>
<trkpt lat="36.80120074409591" lon="126.3815725403252"><ele>0</ele><time></time></trkpt>
<trkpt lat="36.80082552528149" lon="126.3823331527941"><ele>0</ele><time></time></trkpt>
<trkpt lat="36.8004559409579" lon="126.3829617197178"><ele>0</ele><time></time></trkpt>
<trkpt lat="36.80024815446473" lon="126.3834739161864"><ele>0</ele><time></time></trkpt>
<trkpt lat="36.80003048807355" lon="126.3840417460756"><ele>0</ele><time></time></trkpt>
<trkpt lat="36.79966383756327" lon="126.3842154773143"><ele>0</ele><time></time></trkpt>
<trkpt lat="36.7995023582362" lon="126.3843705651134"><ele>0</ele><time></time></trkpt>
<trkpt lat="36.79888126594648" lon="126.38460526459"><ele>0</ele><time></time></trkpt>
<trkpt lat="36.79833815376281" lon="126.3850258209948"><ele>0</ele><time></time></trkpt>
<trkpt lat="36.79789821660815" lon="126.3855546315205"><ele>0</ele><time></time></trkpt>
<trkpt lat="36.79767456850975" lon="126.38634513822"><ele>0</ele><time></time></trkpt>
<trkpt lat="36.79733601248569" lon="126.3870932874619"><ele>0</ele><time></time></trkpt>
<trkpt lat="36.79709016626008" lon="126.388324782376"><ele>0</ele><time></time></trkpt>
<trkpt lat="36.79701485402858" lon="126.3890075573867"><ele>0</ele><time></time></trkpt>
<trkpt lat="36.79700910893179" lon="126.3895250406049"><ele>0</ele><time></time></trkpt>
<trkpt lat="36.79664850800699" lon="126.3902042957707"><ele>0</ele><time></time></trkpt>
<trkpt lat="36.79644571933186" lon="126.3911371091451"><ele>0</ele><time></time></trkpt>
<trkpt lat="36.79642984182954" lon="126.3919564029976"><ele>0</ele><time></time></trkpt>
<trkpt lat="36.79637191579373" lon="126.3927293760814"><ele>0</ele><time></time></trkpt>
<trkpt lat="36.79659344116582" lon="126.3934649478219"><ele>0</ele><time></time></trkpt>
<trkpt lat="36.79646196813896" lon="126.3941573848576"><ele>0</ele><time></time></trkpt>
<trkpt lat="36.7959700530058" lon="126.3944976441379"><ele>0</ele><time></time></trkpt>
<trkpt lat="36.79552625063963" lon="126.3948127027389"><ele>0</ele><time></time></trkpt>
<trkpt lat="36.79536468076579" lon="126.3952390070863"><ele>0</ele><time></time></trkpt>
<trkpt lat="36.79521194725571" lon="126.3957942721173"><ele>0</ele><time></time></trkpt>
<trkpt lat="36.79497353160297" lon="126.3964256148199"><ele>0</ele><time></time></trkpt>
<trkpt lat="36.79498468865437" lon="126.3971477384643"><ele>0</ele><time></time></trkpt>
<trkpt lat="36.79508462488266" lon="126.3977356635007"><ele>0</ele><time></time></trkpt>
<trkpt lat="36.79516808883677" lon="126.3985083643204"><ele>0</ele><time></time></trkpt>
<trkpt lat="36.79524867858101" lon="126.3990529923252"><ele>0</ele><time></time></trkpt>
<trkpt lat="36.79507139967558" lon="126.3996416100549"><ele>0</ele><time></time></trkpt>
<trkpt lat="36.79478100816526" lon="126.4000830930299"><ele>0</ele><time></time></trkpt>
<trkpt lat="36.79457366302676" lon="126.400455011669"><ele>0</ele><time></time></trkpt>
<trkpt lat="36.79457086009575" lon="126.4008809337575"><ele>0</ele><time></time></trkpt>
<trkpt lat="36.79501193807293" lon="126.4013163198143"><ele>0</ele><time></time></trkpt>
<trkpt lat="36.79528395114112" lon="126.4017544597184"><ele>0</ele><time></time></trkpt>
<trkpt lat="36.79551602136724" lon="126.4022857747007"><ele>0</ele><time></time></trkpt>
<trkpt lat="36.7956894728196" lon="126.4027418313301"><ele>0</ele><time></time></trkpt>
<trkpt lat="36.79610636331628" lon="126.4029409121446"><ele>0</ele><time></time></trkpt>
<trkpt lat="36.79625194465755" lon="126.4033851391753"><ele>0</ele><time></time></trkpt>
<trkpt lat="36.79642195008712" lon="126.4039208853591"><ele>0</ele><time></time></trkpt>
<trkpt lat="36.79679845629505" lon="126.4039908232447"><ele>0</ele><time></time></trkpt>
<trkpt lat="36.79678693765449" lon="126.4040519354353"><ele>0</ele><time></time></trkpt>
<trkpt lat="36.79619282707967" lon="126.4040734626461"><ele>0</ele><time></time></trkpt>
<trkpt lat="36.79551928918477" lon="126.4040944229119"><ele>0</ele><time></time></trkpt>
<trkpt lat="36.79471231361689" lon="126.4041324776425"><ele>0</ele><time></time></trkpt>
<trkpt lat="36.79394696397431" lon="126.4043108257143"><ele>0</ele><time></time></trkpt>
<trkpt lat="36.79371595571219" lon="126.4051472832389"><ele>0</ele><time></time></trkpt>
<trkpt lat="36.79342153286505" lon="126.4059316589572"><ele>0</ele><time></time></trkpt>
<trkpt lat="36.7929915911168" lon="126.4065787311736"><ele>0</ele><time></time></trkpt>
<trkpt lat="36.79257448796155" lon="126.4071741521309"><ele>0</ele><time></time></trkpt>
<trkpt lat="36.79204772239258" lon="126.4079915535544"><ele>0</ele><time></time></trkpt>
<trkpt lat="36.79169759056761" lon="126.4083157702215"><ele>0</ele><time></time></trkpt>
<trkpt lat="36.79120215891523" lon="126.4088407530524"><ele>0</ele><time></time></trkpt>
<trkpt lat="36.79070294042092" lon="126.4089410324844"><ele>0</ele><time></time></trkpt>
<trkpt lat="36.79019043569451" lon="126.4093243795807"><ele>0</ele><time></time></trkpt>
<trkpt lat="36.78971924463238" lon="126.4095901061926"><ele>0</ele><time></time></trkpt>
<trkpt lat="36.78918704360701" lon="126.4096748203262"><ele>0</ele><time></time></trkpt>
<trkpt lat="36.78869380216376" lon="126.4094898194394"><ele>0</ele><time></time></trkpt>
<trkpt lat="36.78833718558273" lon="126.4091815762922"><ele>0</ele><time></time></trkpt>
<trkpt lat="36.7881031652316" lon="126.4089771047859"><ele>0</ele><time></time></trkpt>
<trkpt lat="36.78790392289581" lon="126.4087226631065"><ele>0</ele><time></time></trkpt>
<trkpt lat="36.78760649135561" lon="126.4086347608052"><ele>0</ele><time></time></trkpt>
<trkpt lat="36.78707211974085" lon="126.4082999896765"><ele>0</ele><time></time></trkpt>
<trkpt lat="36.78685914436216" lon="126.4083784356949"><ele>0</ele><time></time></trkpt>
<trkpt lat="36.78659763418513" lon="126.4086080571627"><ele>0</ele><time></time></trkpt>
<trkpt lat="36.78621207413788" lon="126.4089384765996"><ele>0</ele><time></time></trkpt>
<trkpt lat="36.78593521328123" lon="126.4091803829182"><ele>0</ele><time></time></trkpt>
<trkpt lat="36.78532477945027" lon="126.4105421924554"><ele>0</ele><time></time></trkpt>
<trkpt lat="36.78540971048791" lon="126.4108540301789"><ele>0</ele><time></time></trkpt>
<trkpt lat="36.7857051547542" lon="126.411249438388"><ele>0</ele><time></time></trkpt>
<trkpt lat="36.78549835052958" lon="126.4119307978253"><ele>0</ele><time></time></trkpt>
<trkpt lat="36.78529072895844" lon="126.4125908248722"><ele>0</ele><time></time></trkpt>
<trkpt lat="36.78497610043329" lon="126.4128530356594"><ele>0</ele><time></time></trkpt>
<trkpt lat="36.78386625762568" lon="126.4136642992164"><ele>0</ele><time></time></trkpt>
<trkpt lat="36.78291976331431" lon="126.4143327475877"><ele>0</ele><time></time></trkpt>
<trkpt lat="36.78304099050727" lon="126.4148978200194"><ele>0</ele><time></time></trkpt>
<trkpt lat="36.78363093151216" lon="126.4158746337069"><ele>0</ele><time></time></trkpt>
<trkpt lat="36.78339004851446" lon="126.4164648028936"><ele>0</ele><time></time></trkpt>
<trkpt lat="36.78291910621705" lon="126.4171929329366"><ele>0</ele><time></time></trkpt>
<trkpt lat="36.78254059023445" lon="126.41788004513"><ele>0</ele><time></time></trkpt>
<trkpt lat="36.7821375766364" lon="126.4181425056913"><ele>0</ele><time></time></trkpt>
<trkpt lat="36.7817602651388" lon="126.4186509684025"><ele>0</ele><time></time></trkpt>
<trkpt lat="36.78137715047988" lon="126.4193130812808"><ele>0</ele><time></time></trkpt>
<trkpt lat="36.78100598286228" lon="126.4198199946155"><ele>0</ele><time></time></trkpt>
<trkpt lat="36.78114886215148" lon="126.4201540493425"><ele>0</ele><time></time></trkpt>
<trkpt lat="36.78079967471115" lon="126.4209338556357"><ele>0</ele><time></time></trkpt>
<trkpt lat="36.78050785071279" lon="126.421584574041"><ele>0</ele><time></time></trkpt>
<trkpt lat="36.78053488272606" lon="126.4222261517384"><ele>0</ele><time></time></trkpt>
<trkpt lat="36.78088386248043" lon="126.4227199915558"><ele>0</ele><time></time></trkpt>
<trkpt lat="36.78141702205856" lon="126.4230411512265"><ele>0</ele><time></time></trkpt>
<trkpt lat="36.78228015531774" lon="126.4232824953911"><ele>0</ele><time></time></trkpt>
<trkpt lat="36.78321280855214" lon="126.4239628239825"><ele>0</ele><time></time></trkpt>
<trkpt lat="36.78418404011224" lon="126.4245609118623"><ele>0</ele><time></time></trkpt>
<trkpt lat="36.78463269026675" lon="126.4250035717961"><ele>0</ele><time></time></trkpt>
<trkpt lat="36.78508174942493" lon="126.4254682382219"><ele>0</ele><time></time></trkpt>
<trkpt lat="36.78566847378946" lon="126.426054360061"><ele>0</ele><time></time></trkpt>
<trkpt lat="36.78624287712192" lon="126.4266270851988"><ele>0</ele><time></time></trkpt>
<trkpt lat="36.78689903490763" lon="126.4269351222469"><ele>0</ele><time></time></trkpt>
<trkpt lat="36.78725660747418" lon="126.4271503092216"><ele>0</ele><time></time></trkpt>
<trkpt lat="36.78681178947902" lon="126.4284125339541"><ele>0</ele><time></time></trkpt>
<trkpt lat="36.78639207952448" lon="126.4292996380826"><ele>0</ele><time></time></trkpt>
<trkpt lat="36.78578567397929" lon="126.4303802986063"><ele>0</ele><time></time></trkpt>
<trkpt lat="36.78547947932127" lon="126.4312042468797"><ele>0</ele><time></time></trkpt>
<trkpt lat="36.78550549162858" lon="126.431966086104"><ele>0</ele><time></time></trkpt>
<trkpt lat="36.78557056944691" lon="126.4321160664495"><ele>0</ele><time></time></trkpt>
<trkpt lat="36.78526196870779" lon="126.4331784036955"><ele>0</ele><time></time></trkpt>
<trkpt lat="36.78517609634141" lon="126.4343578168161"><ele>0</ele><time></time></trkpt>
<trkpt lat="36.78491336890968" lon="126.4352500383857"><ele>0</ele><time></time></trkpt>
<trkpt lat="36.78471295932375" lon="126.4357207288004"><ele>0</ele><time></time></trkpt>
<trkpt lat="36.78474096615304" lon="126.4364445376869"><ele>0</ele><time></time></trkpt>
<trkpt lat="36.784639315743" lon="126.4368972207839"><ele>0</ele><time></time></trkpt>
<trkpt lat="36.7843831535449" lon="126.4373202189225"><ele>0</ele><time></time></trkpt>
<trkpt lat="36.78398219353831" lon="126.4381391343146"><ele>0</ele><time></time></trkpt>
<trkpt lat="36.78382635995276" lon="126.4389637546719"><ele>0</ele><time></time></trkpt>
<trkpt lat="36.78372528383092" lon="126.4393010755704"><ele>0</ele><time></time></trkpt>
<trkpt lat="36.78421338782702" lon="126.4396275641972"><ele>0</ele><time></time></trkpt>
<trkpt lat="36.78445237135902" lon="126.4396943545081"><ele>0</ele><time></time></trkpt>
<trkpt lat="36.78457494200445" lon="126.4398300980319"><ele>0</ele><time></time></trkpt>
<trkpt lat="36.78478379735547" lon="126.4399230376345"><ele>0</ele><time></time></trkpt>
<trkpt lat="36.78558571266163" lon="126.4394963036331"><ele>0</ele><time></time></trkpt>
<trkpt lat="36.78660584776338" lon="126.439188454646"><ele>0</ele><time></time></trkpt>
<trkpt lat="36.78732202838735" lon="126.4392431116755"><ele>0</ele><time></time></trkpt>
<trkpt lat="36.78773428176554" lon="126.4399636166113"><ele>0</ele><time></time></trkpt>
<trkpt lat="36.7888817517748" lon="126.4409879196582"><ele>0</ele><time></time></trkpt>
<trkpt lat="36.78975728841906" lon="126.4417233796225"><ele>0</ele><time></time></trkpt>
<trkpt lat="36.79047757738429" lon="126.4419056055407"><ele>0</ele><time></time></trkpt>
<trkpt lat="36.79155091447366" lon="126.4416914967204"><ele>0</ele><time></time></trkpt>
<trkpt lat="36.79208476013746" lon="126.4415108249191"><ele>0</ele><time></time></trkpt>
<trkpt lat="36.79236958228388" lon="126.4417422657899"><ele>0</ele><time></time></trkpt>
<trkpt lat="36.79254583626025" lon="126.4422282434825"><ele>0</ele><time></time></trkpt>
<trkpt lat="36.79271898815843" lon="126.44256131049"><ele>0</ele><time></time></trkpt>
<trkpt lat="36.79308523248882" lon="126.4428177755592"><ele>0</ele><time></time></trkpt>
<trkpt lat="36.79331045704143" lon="126.4430776543588"><ele>0</ele><time></time></trkpt>
<trkpt lat="36.79347523873779" lon="126.4434464544428"><ele>0</ele><time></time></trkpt>
<trkpt lat="36.79368754256171" lon="126.4437704735249"><ele>0</ele><time></time></trkpt>
<trkpt lat="36.79388522114482" lon="126.4440818515988"><ele>0</ele><time></time></trkpt>
<trkpt lat="36.79407993764674" lon="126.444335232075"><ele>0</ele><time></time></trkpt>
<trkpt lat="36.79415598637598" lon="126.444614696153"><ele>0</ele><time></time></trkpt>
<trkpt lat="36.79408999801628" lon="126.4449926458518"><ele>0</ele><time></time></trkpt>
<trkpt lat="36.79397863967337" lon="126.4455627673131"><ele>0</ele><time></time></trkpt>
<trkpt lat="36.79390972551819" lon="126.4461425937506"><ele>0</ele><time></time></trkpt>
<trkpt lat="36.79387286457529" lon="126.4466042835717"><ele>0</ele><time></time></trkpt>
<trkpt lat="36.79366134142957" lon="126.4470968190308"><ele>0</ele><time></time></trkpt>
<trkpt lat="36.79331696493601" lon="126.4476814286603"><ele>0</ele><time></time></trkpt>
<trkpt lat="36.79286787410577" lon="126.448434216604"><ele>0</ele><time></time></trkpt>
<trkpt lat="36.79238037201471" lon="126.4492419959472"><ele>0</ele><time></time></trkpt>
<trkpt lat="36.79199204442027" lon="126.4496898076782"><ele>0</ele><time></time></trkpt>
<trkpt lat="36.7914314224758" lon="126.4502757732568"><ele>0</ele><time></time></trkpt>
<trkpt lat="36.79100442648032" lon="126.4508529300439"><ele>0</ele><time></time></trkpt>
<trkpt lat="36.79110088149753" lon="126.451427088697"><ele>0</ele><time></time></trkpt>
<trkpt lat="36.79111635892963" lon="126.4518488165606"><ele>0</ele><time></time></trkpt>
<trkpt lat="36.79146656676144" lon="126.4519578392938"><ele>0</ele><time></time></trkpt>
<trkpt lat="36.7918195120245" lon="126.4522428332475"><ele>0</ele><time></time></trkpt>
<trkpt lat="36.79226842619937" lon="126.4527433547089"><ele>0</ele><time></time></trkpt>
<trkpt lat="36.79264225720796" lon="126.4533000125859"><ele>0</ele><time></time></trkpt>
<trkpt lat="36.79257000003072" lon="126.4536762687703"><ele>0</ele><time></time></trkpt>
<trkpt lat="36.79310101416655" lon="126.4536946795859"><ele>0</ele><time></time></trkpt>
<trkpt lat="36.79372355091082" lon="126.4542135882048"><ele>0</ele><time></time></trkpt>
<trkpt lat="36.79432656031759" lon="126.4544950777034"><ele>0</ele><time></time></trkpt>
<trkpt lat="36.79489576986212" lon="126.4543503770243"><ele>0</ele><time></time></trkpt>
<trkpt lat="36.7953728715737" lon="126.4541268193191"><ele>0</ele><time></time></trkpt>
<trkpt lat="36.79590562301426" lon="126.4546832788528"><ele>0</ele><time></time></trkpt>
<trkpt lat="36.79682984386771" lon="126.4550213315383"><ele>0</ele><time></time></trkpt>
<trkpt lat="36.79753667057808" lon="126.4554389791074"><ele>0</ele><time></time></trkpt>
<trkpt lat="36.79802094864404" lon="126.4563487396644"><ele>0</ele><time></time></trkpt>
<trkpt lat="36.79858991442653" lon="126.456921006481"><ele>0</ele><time></time></trkpt>
<trkpt lat="36.79926532855208" lon="126.4574762268964"><ele>0</ele><time></time></trkpt>
<trkpt lat="36.79937003500419" lon="126.4579553010562"><ele>0</ele><time></time></trkpt>
<trkpt lat="36.79964387677361" lon="126.4582929597636"><ele>0</ele><time></time></trkpt>
<trkpt lat="36.80002535211577" lon="126.4588818382096"><ele>0</ele><time></time></trkpt>
<trkpt lat="36.80031254199032" lon="126.4596075330634"><ele>0</ele><time></time></trkpt>
<trkpt lat="36.80083939846102" lon="126.4601278890375"><ele>0</ele><time></time></trkpt>
<trkpt lat="36.80106135618645" lon="126.4605516994457"><ele>0</ele><time></time></trkpt>
<trkpt lat="36.80119526074078" lon="126.4610836546484"><ele>0</ele><time></time></trkpt>
<trkpt lat="36.80145573939467" lon="126.4612065855073"><ele>0</ele><time></time></trkpt>
<trkpt lat="36.80152234702624" lon="126.4613526195431"><ele>0</ele><time></time></trkpt>
<trkpt lat="36.80168490150587" lon="126.4611829926534"><ele>0</ele><time></time></trkpt>
<trkpt lat="36.80253314532985" lon="126.4611050958577"><ele>0</ele><time></time></trkpt>
<trkpt lat="36.80348389278006" lon="126.4614567489151"><ele>0</ele><time></time></trkpt>
<trkpt lat="36.80399229821705" lon="126.4616945321793"><ele>0</ele><time></time></trkpt>
<trkpt lat="36.80431833742852" lon="126.4622285239093"><ele>0</ele><time></time></trkpt>
<trkpt lat="36.80460634966414" lon="126.4630178707316"><ele>0</ele><time></time></trkpt>
<trkpt lat="36.80506323161613" lon="126.4636245380582"><ele>0</ele><time></time></trkpt>
<trkpt lat="36.8053596333596" lon="126.4644448464451"><ele>0</ele><time></time></trkpt>
<trkpt lat="36.80550969971974" lon="126.4651461725272"><ele>0</ele><time></time></trkpt>
<trkpt lat="36.80599908353253" lon="126.4659238531245"><ele>0</ele><time></time></trkpt>
<trkpt lat="36.80617846897204" lon="126.4662613131517"><ele>0</ele><time></time></trkpt>
<trkpt lat="36.80666471069249" lon="126.4662519949613"><ele>0</ele><time></time></trkpt>
<trkpt lat="36.80733265624863" lon="126.4665321067206"><ele>0</ele><time></time></trkpt>
<trkpt lat="36.80781920449876" lon="126.4666454063809"><ele>0</ele><time></time></trkpt>
<trkpt lat="36.80825088684031" lon="126.4666622037143"><ele>0</ele><time></time></trkpt>
<trkpt lat="36.80846234720529" lon="126.4667734276073"><ele>0</ele><time></time></trkpt>
<trkpt lat="36.80849815697688" lon="126.4661226789759"><ele>0</ele><time></time></trkpt>
<trkpt lat="36.80918532060807" lon="126.4657175476505"><ele>0</ele><time></time></trkpt>
<trkpt lat="36.80965841798039" lon="126.465268658298"><ele>0</ele><time></time></trkpt>
<trkpt lat="36.81005303011428" lon="126.4648207506132"><ele>0</ele><time></time></trkpt>
<trkpt lat="36.81041358069316" lon="126.4645457902892"><ele>0</ele><time></time></trkpt>
<trkpt lat="36.81069915097534" lon="126.4644879241832"><ele>0</ele><time></time></trkpt>
<trkpt lat="36.81068892962277" lon="126.4642857755703"><ele>0</ele><time></time></trkpt>
<trkpt lat="36.81034592514927" lon="126.4642005461686"><ele>0</ele><time></time></trkpt>
<trkpt lat="36.81017301505143" lon="126.464162714672"><ele>0</ele><time></time></trkpt>
<trkpt lat="36.81050780808105" lon="126.4638647483232"><ele>0</ele><time></time></trkpt>
<trkpt lat="36.81088857205096" lon="126.463921444021"><ele>0</ele><time></time></trkpt>
<trkpt lat="36.81126274113859" lon="126.4639221705917"><ele>0</ele><time></time></trkpt>
<trkpt lat="36.81141889076331" lon="126.4641539824066"><ele>0</ele><time></time></trkpt>
<trkpt lat="36.81152678291092" lon="126.4644027816666"><ele>0</ele><time></time></trkpt>
<trkpt lat="36.81181049212408" lon="126.4649585950768"><ele>0</ele><time></time></trkpt>
<trkpt lat="36.81205145825789" lon="126.4656242348357"><ele>0</ele><time></time></trkpt>
<trkpt lat="36.81198728037317" lon="126.4661815184122"><ele>0</ele><time></time></trkpt>
<trkpt lat="36.81192337958838" lon="126.4665737986202"><ele>0</ele><time></time></trkpt>
<trkpt lat="36.81187358953031" lon="126.4670679940771"><ele>0</ele><time></time></trkpt>
<trkpt lat="36.81182546296581" lon="126.4677991042927"><ele>0</ele><time></time></trkpt>
<trkpt lat="36.8118025036845" lon="126.4682886602346"><ele>0</ele><time></time></trkpt>
<trkpt lat="36.81169157478143" lon="126.4691577113181"><ele>0</ele><time></time></trkpt>
<trkpt lat="36.81145097463566" lon="126.4700423212869"><ele>0</ele><time></time></trkpt>
<trkpt lat="36.81150829112894" lon="126.4709764742807"><ele>0</ele><time></time></trkpt>
<trkpt lat="36.8119100421621" lon="126.4712143948099"><ele>0</ele><time></time></trkpt>
<trkpt lat="36.81257724292686" lon="126.4717210905604"><ele>0</ele><time></time></trkpt>
<trkpt lat="36.81346968925881" lon="126.472323865333"><ele>0</ele><time></time></trkpt>
<trkpt lat="36.81415228834514" lon="126.4727518189547"><ele>0</ele><time></time></trkpt>
<trkpt lat="36.81410905402534" lon="126.4738370541251"><ele>0</ele><time></time></trkpt>
<trkpt lat="36.81388062616995" lon="126.4752217950553"><ele>0</ele><time></time></trkpt>
<trkpt lat="36.813794321576" lon="126.4761541837744"><ele>0</ele><time></time></trkpt>
<trkpt lat="36.81439956407915" lon="126.4770215584945"><ele>0</ele><time></time></trkpt>
<trkpt lat="36.81466405193789" lon="126.4778195626203"><ele>0</ele><time></time></trkpt>
<trkpt lat="36.81502125649614" lon="126.4784644677577"><ele>0</ele><time></time></trkpt>
<trkpt lat="36.81562549566524" lon="126.4790496583988"><ele>0</ele><time></time></trkpt>
<trkpt lat="36.81589792934845" lon="126.4797552804069"><ele>0</ele><time></time></trkpt>
<trkpt lat="36.81626709267288" lon="126.4805652462291"><ele>0</ele><time></time></trkpt>
<trkpt lat="36.81654329889405" lon="126.4808403166817"><ele>0</ele><time></time></trkpt>
<trkpt lat="36.81635578662838" lon="126.4811807688411"><ele>0</ele><time></time></trkpt>
<trkpt lat="36.81625271973316" lon="126.4816949244026"><ele>0</ele><time></time></trkpt>
<trkpt lat="36.81576924101538" lon="126.4824495813953"><ele>0</ele><time></time></trkpt>
<trkpt lat="36.81579496897706" lon="126.4829654680844"><ele>0</ele><time></time></trkpt>
<trkpt lat="36.81636316830317" lon="126.4834991617205"><ele>0</ele><time></time></trkpt>
<trkpt lat="36.81685598311973" lon="126.4840257883205"><ele>0</ele><time></time></trkpt>
<trkpt lat="36.81711035903842" lon="126.4846064491367"><ele>0</ele><time></time></trkpt>
<trkpt lat="36.81736228495686" lon="126.4854472019369"><ele>0</ele><time></time></trkpt>
<trkpt lat="36.81780833458418" lon="126.4859333096907"><ele>0</ele><time></time></trkpt>
<trkpt lat="36.81822447848907" lon="126.4861837722266"><ele>0</ele><time></time></trkpt>
<trkpt lat="36.81857430574571" lon="126.486500684731"><ele>0</ele><time></time></trkpt>
<trkpt lat="36.81881679186777" lon="126.4864162410648"><ele>0</ele><time></time></trkpt>
<trkpt lat="36.81907645174694" lon="126.4860885004798"><ele>0</ele><time></time></trkpt>
<trkpt lat="36.81920734546744" lon="126.4858230621831"><ele>0</ele><time></time></trkpt>
<trkpt lat="36.81942258348177" lon="126.4858496826951"><ele>0</ele><time></time></trkpt>
<trkpt lat="36.82005355479812" lon="126.4864927590756"><ele>0</ele><time></time></trkpt>
<trkpt lat="36.82037312165622" lon="126.4871676742418"><ele>0</ele><time></time></trkpt>
<trkpt lat="36.82058050790711" lon="126.4869366441973"><ele>0</ele><time></time></trkpt>
<trkpt lat="36.82097005081964" lon="126.4862260124435"><ele>0</ele><time></time></trkpt>
<trkpt lat="36.8211163158488" lon="126.486352769581"><ele>0</ele><time></time></trkpt>
<trkpt lat="36.82132078952444" lon="126.4866610961454"><ele>0</ele><time></time></trkpt>
<trkpt lat="36.82127700078924" lon="126.4875844584749"><ele>0</ele><time></time></trkpt>
<trkpt lat="36.82121648671761" lon="126.4884159288113"><ele>0</ele><time></time></trkpt>
<trkpt lat="36.82150339901924" lon="126.4888768885283"><ele>0</ele><time></time></trkpt>
<trkpt lat="36.82203492464224" lon="126.4889097519573"><ele>0</ele><time></time></trkpt>
<trkpt lat="36.82280880170755" lon="126.4887873552498"><ele>0</ele><time></time></trkpt>
<trkpt lat="36.82359684613558" lon="126.4884319245967"><ele>0</ele><time></time></trkpt>
<trkpt lat="36.82412320926539" lon="126.4880661688427"><ele>0</ele><time></time></trkpt>
<trkpt lat="36.82440783000668" lon="126.4881869876459"><ele>0</ele><time></time></trkpt>
<trkpt lat="36.82424043152641" lon="126.4889122723661"><ele>0</ele><time></time></trkpt>
<trkpt lat="36.82444398501271" lon="126.4895776253078"><ele>0</ele><time></time></trkpt>
<trkpt lat="36.82498460899701" lon="126.4901154938452"><ele>0</ele><time></time></trkpt>
<trkpt lat="36.82551641904612" lon="126.4903211685807"><ele>0</ele><time></time></trkpt>
<trkpt lat="36.82590560182857" lon="126.4904230185519"><ele>0</ele><time></time></trkpt>
<trkpt lat="36.82592843182982" lon="126.4908355723966"><ele>0</ele><time></time></trkpt>
<trkpt lat="36.8254988604555" lon="126.4911166760672"><ele>0</ele><time></time></trkpt>
<trkpt lat="36.82509918844306" lon="126.4916057132848"><ele>0</ele><time></time></trkpt>
<trkpt lat="36.8249764870511" lon="126.4919754756262"><ele>0</ele><time></time></trkpt>
<trkpt lat="36.82509999380404" lon="126.4925211671411"><ele>0</ele><time></time></trkpt>
<trkpt lat="36.82490002680736" lon="126.4928965368531"><ele>0</ele><time></time></trkpt>
<trkpt lat="36.82464983821451" lon="126.4934141565469"><ele>0</ele><time></time></trkpt>
<trkpt lat="36.82441468833743" lon="126.4936127390542"><ele>0</ele><time></time></trkpt>
<trkpt lat="36.82407517752036" lon="126.4935888061019"><ele>0</ele><time></time></trkpt>
<trkpt lat="36.82378567495225" lon="126.4937016800114"><ele>0</ele><time></time></trkpt>
<trkpt lat="36.82339840383891" lon="126.4939403379628"><ele>0</ele><time></time></trkpt>
<trkpt lat="36.82324550548209" lon="126.4940844333975"><ele>0</ele><time></time></trkpt>
<trkpt lat="36.8233182502354" lon="126.4946345006244"><ele>0</ele><time></time></trkpt>
<trkpt lat="36.82346086177069" lon="126.4953655273738"><ele>0</ele><time></time></trkpt>
<trkpt lat="36.82316450106616" lon="126.4957701380465"><ele>0</ele><time></time></trkpt>
<trkpt lat="36.82247653580176" lon="126.4958542696939"><ele>0</ele><time></time></trkpt>
</trkseg>
</trk>
<trk>
<name></name>
<trkseg>
<trkpt lat="36.82184701951738" lon="126.4958877409473"><ele>0</ele><time></time></trkpt>
<trkpt lat="36.82137531146164" lon="126.4961048559346"><ele>0</ele><time></time></trkpt>
<trkpt lat="36.82093539579387" lon="126.4963607678359"><ele>0</ele><time></time></trkpt>
<trkpt lat="36.82079066403465" lon="126.4971606580193"><ele>0</ele><time></time></trkpt>
<trkpt lat="36.82072457712255" lon="126.4976867018629"><ele>0</ele><time></time></trkpt>
<trkpt lat="36.82043466632982" lon="126.4977685386207"><ele>0</ele><time></time></trkpt>
<trkpt lat="36.82033713422351" lon="126.4987824404601"><ele>0</ele><time></time></trkpt>
<trkpt lat="36.82005721033528" lon="126.4997562497937"><ele>0</ele><time></time></trkpt>
<trkpt lat="36.82000203869099" lon="126.5003363965753"><ele>0</ele><time></time></trkpt>
<trkpt lat="36.81999181535701" lon="126.5011691558673"><ele>0</ele><time></time></trkpt>
<trkpt lat="36.81973536005908" lon="126.5014159018982"><ele>0</ele><time></time></trkpt>
<trkpt lat="36.81937504496673" lon="126.5016613683719"><ele>0</ele><time></time></trkpt>
<trkpt lat="36.81929531208415" lon="126.5022684191081"><ele>0</ele><time></time></trkpt>
<trkpt lat="36.8193718355818" lon="126.5029814524702"><ele>0</ele><time></time></trkpt>
<trkpt lat="36.819584904243" lon="126.5035813859825"><ele>0</ele><time></time></trkpt>
<trkpt lat="36.82001068913327" lon="126.5044991347208"><ele>0</ele><time></time></trkpt>
<trkpt lat="36.82041760326142" lon="126.5048637303172"><ele>0</ele><time></time></trkpt>
<trkpt lat="36.8208398486474" lon="126.5057908996305"><ele>0</ele><time></time></trkpt>
<trkpt lat="36.82111950540131" lon="126.5063735644272"><ele>0</ele><time></time></trkpt>
<trkpt lat="36.82148139278002" lon="126.506785756962"><ele>0</ele><time></time></trkpt>
<trkpt lat="36.82171315148859" lon="126.5077434749196"><ele>0</ele><time></time></trkpt>
<trkpt lat="36.82167641483196" lon="126.5085737452833"><ele>0</ele><time></time></trkpt>
<trkpt lat="36.82166740730752" lon="126.5091686765115"><ele>0</ele><time></time></trkpt>
<trkpt lat="36.8216761322867" lon="126.5097323051817"><ele>0</ele><time></time></trkpt>
<trkpt lat="36.82118665467122" lon="126.5107564951078"><ele>0</ele><time></time></trkpt>
<trkpt lat="36.82084316155526" lon="126.5116654255572"><ele>0</ele><time></time></trkpt>
<trkpt lat="36.82102701591792" lon="126.5122529514644"><ele>0</ele><time></time></trkpt>
<trkpt lat="36.821258645489" lon="126.5128425877656"><ele>0</ele><time></time></trkpt>
<trkpt lat="36.82105952452365" lon="126.5135345596141"><ele>0</ele><time></time></trkpt>
<trkpt lat="36.82069474861461" lon="126.513905718"><ele>0</ele><time></time></trkpt>
<trkpt lat="36.82048310000668" lon="126.5144857139304"><ele>0</ele><time></time></trkpt>
<trkpt lat="36.82035008560167" lon="126.5147573237039"><ele>0</ele><time></time></trkpt>
<trkpt lat="36.82055850697832" lon="126.5151601695291"><ele>0</ele><time></time></trkpt>
<trkpt lat="36.82083312624592" lon="126.5159652658013"><ele>0</ele><time></time></trkpt>
<trkpt lat="36.82121166212256" lon="126.5172196285986"><ele>0</ele><time></time></trkpt>
<trkpt lat="36.82151978614494" lon="126.5180621359383"><ele>0</ele><time></time></trkpt>
<trkpt lat="36.821677798919" lon="126.5183980255826"><ele>0</ele><time></time></trkpt>
<trkpt lat="36.82191399353155" lon="126.5189299641913"><ele>0</ele><time></time></trkpt>
<trkpt lat="36.82233824174703" lon="126.5199827817491"><ele>0</ele><time></time></trkpt>
<trkpt lat="36.82245888620338" lon="126.5208018689269"><ele>0</ele><time></time></trkpt>
<trkpt lat="36.82241127505372" lon="126.5214776434377"><ele>0</ele><time></time></trkpt>
<trkpt lat="36.82293147435794" lon="126.5217040335818"><ele>0</ele><time></time></trkpt>
<trkpt lat="36.82329664907525" lon="126.5224527953824"><ele>0</ele><time></time></trkpt>
<trkpt lat="36.82406568525615" lon="126.5233863542224"><ele>0</ele><time></time></trkpt>
<trkpt lat="36.82451787314221" lon="126.523837127464"><ele>0</ele><time></time></trkpt>
<trkpt lat="36.82469312631354" lon="126.5247438228369"><ele>0</ele><time></time></trkpt>
<trkpt lat="36.82479489203818" lon="126.5254490983166"><ele>0</ele><time></time></trkpt>
<trkpt lat="36.82508399225379" lon="126.5257176929394"><ele>0</ele><time></time></trkpt>
<trkpt lat="36.82526844548028" lon="126.5260879682178"><ele>0</ele><time></time></trkpt>
<trkpt lat="36.82554618910023" lon="126.5264072228761"><ele>0</ele><time></time></trkpt>
<trkpt lat="36.82592665920189" lon="126.5268728472428"><ele>0</ele><time></time></trkpt>
<trkpt lat="36.82613159271418" lon="126.5272337224767"><ele>0</ele><time></time></trkpt>
<trkpt lat="36.8264006201234" lon="126.527414904052"><ele>0</ele><time></time></trkpt>
<trkpt lat="36.82628272768327" lon="126.5279084399279"><ele>0</ele><time></time></trkpt>
<trkpt lat="36.82611687767623" lon="126.5285499973792"><ele>0</ele><time></time></trkpt>
<trkpt lat="36.82621747305789" lon="126.5291409698146"><ele>0</ele><time></time></trkpt>
<trkpt lat="36.8260578588956" lon="126.5295478284509"><ele>0</ele><time></time></trkpt>
<trkpt lat="36.82615977883637" lon="126.5301285116804"><ele>0</ele><time></time></trkpt>
<trkpt lat="36.82613853268909" lon="126.5307409782822"><ele>0</ele><time></time></trkpt>
<trkpt lat="36.82649005629359" lon="126.5312303922551"><ele>0</ele><time></time></trkpt>
<trkpt lat="36.82654071269427" lon="126.5320213256547"><ele>0</ele><time></time></trkpt>
<trkpt lat="36.82641402505185" lon="126.5329099012063"><ele>0</ele><time></time></trkpt>
<trkpt lat="36.82682617501533" lon="126.5333667604073"><ele>0</ele><time></time></trkpt>
<trkpt lat="36.82711260804978" lon="126.5340787287349"><ele>0</ele><time></time></trkpt>
<trkpt lat="36.82736477136936" lon="126.5349807866417"><ele>0</ele><time></time></trkpt>
<trkpt lat="36.82757867106484" lon="126.5357664649633"><ele>0</ele><time></time></trkpt>
<trkpt lat="36.82770290127348" lon="126.536150467682"><ele>0</ele><time></time></trkpt>
<trkpt lat="36.82770725087276" lon="126.5367408874232"><ele>0</ele><time></time></trkpt>
<trkpt lat="36.82780319320168" lon="126.5373426815674"><ele>0</ele><time></time></trkpt>
<trkpt lat="36.82750276269174" lon="126.5380696171119"><ele>0</ele><time></time></trkpt>
<trkpt lat="36.82742052470751" lon="126.5387463428335"><ele>0</ele><time></time></trkpt>
<trkpt lat="36.82753206201066" lon="126.5394511670902"><ele>0</ele><time></time></trkpt>
<trkpt lat="36.82809637375228" lon="126.5398580761505"><ele>0</ele><time></time></trkpt>
<trkpt lat="36.82846161345024" lon="126.5405230948451"><ele>0</ele><time></time></trkpt>
<trkpt lat="36.82872807784435" lon="126.5410448551383"><ele>0</ele><time></time></trkpt>
<trkpt lat="36.82778164818883" lon="126.5417059786996"><ele>0</ele><time></time></trkpt>
<trkpt lat="36.82739686510979" lon="126.5418774512691"><ele>0</ele><time></time></trkpt>
<trkpt lat="36.82755798631309" lon="126.5424954333429"><ele>0</ele><time></time></trkpt>
<trkpt lat="36.82772430530279" lon="126.5432275179976"><ele>0</ele><time></time></trkpt>
<trkpt lat="36.82748174931329" lon="126.5438144324713"><ele>0</ele><time></time></trkpt>
<trkpt lat="36.82695072631672" lon="126.5438965715524"><ele>0</ele><time></time></trkpt>
<trkpt lat="36.82645045077429" lon="126.5439973902481"><ele>0</ele><time></time></trkpt>
<trkpt lat="36.82651118893095" lon="126.5446229898531"><ele>0</ele><time></time></trkpt>
<trkpt lat="36.82634072750134" lon="126.5449655037805"><ele>0</ele><time></time></trkpt>
<trkpt lat="36.82595884271131" lon="126.5453183385158"><ele>0</ele><time></time></trkpt>
<trkpt lat="36.82560428139848" lon="126.5456686281366"><ele>0</ele><time></time></trkpt>
<trkpt lat="36.82527201598374" lon="126.5458524340483"><ele>0</ele><time></time></trkpt>
<trkpt lat="36.82525774951205" lon="126.5462394336498"><ele>0</ele><time></time></trkpt>
<trkpt lat="36.82538139485055" lon="126.5466305886609"><ele>0</ele><time></time></trkpt>
<trkpt lat="36.82517957201254" lon="126.547131790503"><ele>0</ele><time></time></trkpt>
<trkpt lat="36.8250512061438" lon="126.5478956205629"><ele>0</ele><time></time></trkpt>
<trkpt lat="36.82539721826616" lon="126.5480664291295"><ele>0</ele><time></time></trkpt>
<trkpt lat="36.82572391441222" lon="126.5484409943629"><ele>0</ele><time></time></trkpt>
<trkpt lat="36.8259203418887" lon="126.549192382278"><ele>0</ele><time></time></trkpt>
<trkpt lat="36.82643584606365" lon="126.5490879123171"><ele>0</ele><time></time></trkpt>
<trkpt lat="36.82668437199592" lon="126.5488256337654"><ele>0</ele><time></time></trkpt>
<trkpt lat="36.82697625743658" lon="126.5485480645435"><ele>0</ele><time></time></trkpt>
<trkpt lat="36.8272559698154" lon="126.5488613934916"><ele>0</ele><time></time></trkpt>
<trkpt lat="36.82771112935502" lon="126.5491220971344"><ele>0</ele><time></time></trkpt>
<trkpt lat="36.82822653986528" lon="126.5492329441693"><ele>0</ele><time></time></trkpt>
<trkpt lat="36.82820608084269" lon="126.5495203098393"><ele>0</ele><time></time></trkpt>
<trkpt lat="36.82780455508037" lon="126.5496947547733"><ele>0</ele><time></time></trkpt>
<trkpt lat="36.82766945905672" lon="126.5502740611263"><ele>0</ele><time></time></trkpt>
<trkpt lat="36.82793470462667" lon="126.5507713373816"><ele>0</ele><time></time></trkpt>
<trkpt lat="36.82804829821089" lon="126.55131980479"><ele>0</ele><time></time></trkpt>
<trkpt lat="36.82790384182412" lon="126.5520410932642"><ele>0</ele><time></time></trkpt>
<trkpt lat="36.82762906611761" lon="126.5524311542148"><ele>0</ele><time></time></trkpt>
<trkpt lat="36.82760080817251" lon="126.5529092824414"><ele>0</ele><time></time></trkpt>
<trkpt lat="36.82731458623196" lon="126.5532783327419"><ele>0</ele><time></time></trkpt>
<trkpt lat="36.82696704405712" lon="126.5535231690711"><ele>0</ele><time></time></trkpt>
<trkpt lat="36.82722639083146" lon="126.5540937740619"><ele>0</ele><time></time></trkpt>
<trkpt lat="36.82774145547108" lon="126.5547594898685"><ele>0</ele><time></time></trkpt>
<trkpt lat="36.82806772812077" lon="126.5552890619062"><ele>0</ele><time></time></trkpt>
<trkpt lat="36.82794198299466" lon="126.5559548317368"><ele>0</ele><time></time></trkpt>
<trkpt lat="36.82815347407627" lon="126.5559355521913"><ele>0</ele><time></time></trkpt>
<trkpt lat="36.82844579020497" lon="126.5559517745298"><ele>0</ele><time></time></trkpt>
<trkpt lat="36.82836586175087" lon="126.5564548182339"><ele>0</ele><time></time></trkpt>
<trkpt lat="36.82842561374979" lon="126.5570591168975"><ele>0</ele><time></time></trkpt>
<trkpt lat="36.82832495294765" lon="126.5574256978225"><ele>0</ele><time></time></trkpt>
<trkpt lat="36.82837652608006" lon="126.557820250911"><ele>0</ele><time></time></trkpt>
<trkpt lat="36.82809709645498" lon="126.5579228270267"><ele>0</ele><time></time></trkpt>
<trkpt lat="36.82800308216682" lon="126.5583584058274"><ele>0</ele><time></time></trkpt>
<trkpt lat="36.82801475100644" lon="126.5586796214883"><ele>0</ele><time></time></trkpt>
<trkpt lat="36.82776904096492" lon="126.5589186718298"><ele>0</ele><time></time></trkpt>
<trkpt lat="36.82801905075203" lon="126.559135824017"><ele>0</ele><time></time></trkpt>
<trkpt lat="36.82834650874016" lon="126.5595158110937"><ele>0</ele><time></time></trkpt>
<trkpt lat="36.82838986270986" lon="126.5598913048747"><ele>0</ele><time></time></trkpt>
<trkpt lat="36.82812095751483" lon="126.5601522870445"><ele>0</ele><time></time></trkpt>
<trkpt lat="36.82800366838701" lon="126.5604048097644"><ele>0</ele><time></time></trkpt>
<trkpt lat="36.82795663136294" lon="126.5607318690667"><ele>0</ele><time></time></trkpt>
<trkpt lat="36.8277569780608" lon="126.5610324771448"><ele>0</ele><time></time></trkpt>
<trkpt lat="36.82790244451905" lon="126.5612725619584"><ele>0</ele><time></time></trkpt>
<trkpt lat="36.82828285263201" lon="126.5611406984431"><ele>0</ele><time></time></trkpt>
<trkpt lat="36.82879304317431" lon="126.5611140063113"><ele>0</ele><time></time></trkpt>
<trkpt lat="36.82936293159728" lon="126.5608906017961"><ele>0</ele><time></time></trkpt>
<trkpt lat="36.83026103963398" lon="126.5609694453656"><ele>0</ele><time></time></trkpt>
<trkpt lat="36.83070334765923" lon="126.5618692602325"><ele>0</ele><time></time></trkpt>
<trkpt lat="36.83108494984664" lon="126.5623345278981"><ele>0</ele><time></time></trkpt>
<trkpt lat="36.83137796165981" lon="126.5633618777421"><ele>0</ele><time></time></trkpt>
<trkpt lat="36.83182596758273" lon="126.5635547267913"><ele>0</ele><time></time></trkpt>
<trkpt lat="36.83208619424614" lon="126.5646478026812"><ele>0</ele><time></time></trkpt>
<trkpt lat="36.83207661565227" lon="126.5674464189217"><ele>0</ele><time></time></trkpt>
<trkpt lat="36.83125900557287" lon="126.569396294887"><ele>0</ele><time></time></trkpt>
<trkpt lat="36.83252454993558" lon="126.5721578497323"><ele>0</ele><time></time></trkpt>
<trkpt lat="36.83339625451222" lon="126.5783303159257"><ele>0</ele><time></time></trkpt>
<trkpt lat="36.83317908626243" lon="126.5814092626521"><ele>0</ele><time></time></trkpt>
<trkpt lat="36.83292552299589" lon="126.5842198428475"><ele>0</ele><time></time></trkpt>
<trkpt lat="36.83293850733441" lon="126.5911823069529"><ele>0</ele><time></time></trkpt>
<trkpt lat="36.83855485227373" lon="126.5926942790494"><ele>0</ele><time></time></trkpt>
<trkpt lat="36.83968629261163" lon="126.5943888749222"><ele>0</ele><time></time></trkpt>
</trkseg>
</trk>
<trk>
<name></name>
<trkseg>
<trkpt lat="36.83645900813905" lon="126.6034264584545"><ele>0</ele><time></time></trkpt>
<trkpt lat="36.83444938659448" lon="126.604823539888"><ele>0</ele><time></time></trkpt>
<trkpt lat="36.83398900197353" lon="126.6067028114937"><ele>0</ele><time></time></trkpt>
<trkpt lat="36.83251644350293" lon="126.6077482120345"><ele>0</ele><time></time></trkpt>
<trkpt lat="36.83170912667662" lon="126.609454705003"><ele>0</ele><time></time></trkpt>
<trkpt lat="36.8310104718778" lon="126.6112059971776"><ele>0</ele><time></time></trkpt>
<trkpt lat="36.83237777842723" lon="126.6157949956108"><ele>0</ele><time></time></trkpt>
<trkpt lat="36.83219465614214" lon="126.6182714843644"><ele>0</ele><time></time></trkpt>
<trkpt lat="36.83127685031727" lon="126.6191766102639"><ele>0</ele><time></time></trkpt>
<trkpt lat="36.82985082990655" lon="126.6192219140674"><ele>0</ele><time></time></trkpt>
<trkpt lat="36.8309026516427" lon="126.621632014521"><ele>0</ele><time></time></trkpt>
<trkpt lat="36.83131255647474" lon="126.6229974240714"><ele>0</ele><time></time></trkpt>
<trkpt lat="36.83125261924137" lon="126.6251851912256"><ele>0</ele><time></time></trkpt>
<trkpt lat="36.83095212434772" lon="126.6262112827695"><ele>0</ele><time></time></trkpt>
<trkpt lat="36.8306989621727" lon="126.6275908391455"><ele>0</ele><time></time></trkpt>
<trkpt lat="36.8308293216886" lon="126.629560177693"><ele>0</ele><time></time></trkpt>
<trkpt lat="36.83130750463036" lon="126.6319649435237"><ele>0</ele><time></time></trkpt>
<trkpt lat="36.83158600114785" lon="126.6339446907248"><ele>0</ele><time></time></trkpt>
<trkpt lat="36.83188234827544" lon="126.6356752757721"><ele>0</ele><time></time></trkpt>
<trkpt lat="36.83039728321057" lon="126.6378908137324"><ele>0</ele><time></time></trkpt>
<trkpt lat="36.82864120179744" lon="126.6398546907173"><ele>0</ele><time></time></trkpt>
<trkpt lat="36.82728138822721" lon="126.641286469972"><ele>0</ele><time></time></trkpt>
<trkpt lat="36.8256254906528" lon="126.6399234806582"><ele>0</ele><time></time></trkpt>
<trkpt lat="36.82261686352328" lon="126.6376482248785"><ele>0</ele><time></time></trkpt>
<trkpt lat="36.82165171940802" lon="126.6390095410076"><ele>0</ele><time></time></trkpt>
<trkpt lat="36.82117101706113" lon="126.6405659697372"><ele>0</ele><time></time></trkpt>
<trkpt lat="36.82091727726316" lon="126.6419427663715"><ele>0</ele><time></time></trkpt>
<trkpt lat="36.82116575921756" lon="126.6441337719162"><ele>0</ele><time></time></trkpt>
<trkpt lat="36.82052157717486" lon="126.6453877793935"><ele>0</ele><time></time></trkpt>
<trkpt lat="36.8193425831431" lon="126.6467715341741"><ele>0</ele><time></time></trkpt>
<trkpt lat="36.82008236381186" lon="126.6501873749294"><ele>0</ele><time></time></trkpt>
<trkpt lat="36.81790571831018" lon="126.6520195890936"><ele>0</ele><time></time></trkpt>
<trkpt lat="36.81615898491897" lon="126.6514087996419"><ele>0</ele><time></time></trkpt>
<trkpt lat="36.81471585671859" lon="126.6508548093756"><ele>0</ele><time></time></trkpt>
<trkpt lat="36.81336524144773" lon="126.6508384932755"><ele>0</ele><time></time></trkpt>
<trkpt lat="36.81146107045281" lon="126.6509109591765"><ele>0</ele><time></time></trkpt>
<trkpt lat="36.81048857474157" lon="126.6508766920832"><ele>0</ele><time></time></trkpt>
<trkpt lat="36.80956936470256" lon="126.6516183517434"><ele>0</ele><time></time></trkpt>
<trkpt lat="36.80835033792808" lon="126.6524473195268"><ele>0</ele><time></time></trkpt>
<trkpt lat="36.80737063037363" lon="126.6531648900058"><ele>0</ele><time></time></trkpt>
<trkpt lat="36.80682403493041" lon="126.6541027752379"><ele>0</ele><time></time></trkpt>
<trkpt lat="36.8062489510903" lon="126.6553509549548"><ele>0</ele><time></time></trkpt>
<trkpt lat="36.80558754044721" lon="126.6533107875396"><ele>0</ele><time></time></trkpt>
<trkpt lat="36.80544564997979" lon="126.6524418528947"><ele>0</ele><time></time></trkpt>
<trkpt lat="36.80492727339725" lon="126.6514101171678"><ele>0</ele><time></time></trkpt>
<trkpt lat="36.80408717869013" lon="126.6508597752663"><ele>0</ele><time></time></trkpt>
<trkpt lat="36.80309319947295" lon="126.6496542531252"><ele>0</ele><time></time></trkpt>
<trkpt lat="36.80228100468813" lon="126.6483436841915"><ele>0</ele><time></time></trkpt>
<trkpt lat="36.80181129881749" lon="126.6473434071268"><ele>0</ele><time></time></trkpt>
<trkpt lat="36.80121233930606" lon="126.6464332172373"><ele>0</ele><time></time></trkpt>
<trkpt lat="36.79997661128415" lon="126.6460195272963"><ele>0</ele><time></time></trkpt>
<trkpt lat="36.7989717092206" lon="126.6449913300025"><ele>0</ele><time></time></trkpt>
<trkpt lat="36.79805007339257" lon="126.6439806178025"><ele>0</ele><time></time></trkpt>
<trkpt lat="36.79697947116155" lon="126.641760161932"><ele>0</ele><time></time></trkpt>
<trkpt lat="36.79496216302665" lon="126.6387658712752"><ele>0</ele><time></time></trkpt>
<trkpt lat="36.79379584826037" lon="126.6359340776795"><ele>0</ele><time></time></trkpt>
<trkpt lat="36.79343352523058" lon="126.6329852530716"><ele>0</ele><time></time></trkpt>
<trkpt lat="36.79373944376194" lon="126.6321985988672"><ele>0</ele><time></time></trkpt>
<trkpt lat="36.79450868688333" lon="126.6301650286723"><ele>0</ele><time></time></trkpt>
<trkpt lat="36.79481766237197" lon="126.6280950473084"><ele>0</ele><time></time></trkpt>
<trkpt lat="36.79596650512649" lon="126.6258557889137"><ele>0</ele><time></time></trkpt>
<trkpt lat="36.79634412080918" lon="126.6243581844608"><ele>0</ele><time></time></trkpt>
<trkpt lat="36.79528833652846" lon="126.6233626522563"><ele>0</ele><time></time></trkpt>
<trkpt lat="36.79429046075545" lon="126.622185237576"><ele>0</ele><time></time></trkpt>
<trkpt lat="36.79303781811835" lon="126.621549206142"><ele>0</ele><time></time></trkpt>
<trkpt lat="36.79172383739213" lon="126.6211180593462"><ele>0</ele><time></time></trkpt>
<trkpt lat="36.79105085776054" lon="126.6197457433438"><ele>0</ele><time></time></trkpt>
<trkpt lat="36.79078237750719" lon="126.6180680024482"><ele>0</ele><time></time></trkpt>
<trkpt lat="36.79047695066074" lon="126.6160401667667"><ele>0</ele><time></time></trkpt>
<trkpt lat="36.79045797778511" lon="126.6144105074022"><ele>0</ele><time></time></trkpt>
<trkpt lat="36.79090681429403" lon="126.6135824626082"><ele>0</ele><time></time></trkpt>
<trkpt lat="36.79169703850241" lon="126.612795699259"><ele>0</ele><time></time></trkpt>
<trkpt lat="36.79165238572322" lon="126.6116399779435"><ele>0</ele><time></time></trkpt>
<trkpt lat="36.79064327288825" lon="126.6102083317564"><ele>0</ele><time></time></trkpt>
<trkpt lat="36.78960631469774" lon="126.6100178090272"><ele>0</ele><time></time></trkpt>
<trkpt lat="36.78870368065582" lon="126.6112380597021"><ele>0</ele><time></time></trkpt>
<trkpt lat="36.78742485852248" lon="126.6108581268345"><ele>0</ele><time></time></trkpt>
<trkpt lat="36.78644529921617" lon="126.6103795988967"><ele>0</ele><time></time></trkpt>
<trkpt lat="36.7852231520977" lon="126.6101420462806"><ele>0</ele><time></time></trkpt>
<trkpt lat="36.78425224681037" lon="126.6093433022767"><ele>0</ele><time></time></trkpt>
<trkpt lat="36.78323161929571" lon="126.6083276716831"><ele>0</ele><time></time></trkpt>
<trkpt lat="36.7820841869652" lon="126.6079367716762"><ele>0</ele><time></time></trkpt>
<trkpt lat="36.78157800009814" lon="126.606944662762"><ele>0</ele><time></time></trkpt>
<trkpt lat="36.78100251709101" lon="126.6059261500723"><ele>0</ele><time></time></trkpt>
<trkpt lat="36.7797321977114" lon="126.6063078107555"><ele>0</ele><time></time></trkpt>
<trkpt lat="36.77909040169155" lon="126.6071841985234"><ele>0</ele><time></time></trkpt>
<trkpt lat="36.77928028702341" lon="126.6085493011077"><ele>0</ele><time></time></trkpt>
<trkpt lat="36.77940302358105" lon="126.609134241359"><ele>0</ele><time></time></trkpt>
<trkpt lat="36.7787278232809" lon="126.6093491689869"><ele>0</ele><time></time></trkpt>
<trkpt lat="36.77823073853837" lon="126.6072472833857"><ele>0</ele><time></time></trkpt>
</trkseg>
</trk>
<trk>
<name></name>
<trkseg>
<trkpt lat="36.77839026017794" lon="126.6043391847408"><ele>0</ele><time></time></trkpt>
<trkpt lat="36.77693069687405" lon="126.6029477742241"><ele>0</ele><time></time></trkpt>
<trkpt lat="36.77541373197443" lon="126.6039862345504"><ele>0</ele><time></time></trkpt>
<trkpt lat="36.77390342079739" lon="126.6042485910884"><ele>0</ele><time></time></trkpt>
<trkpt lat="36.77291256506237" lon="126.6028692118915"><ele>0</ele><time></time></trkpt>
<trkpt lat="36.77004185146074" lon="126.6016227362883"><ele>0</ele><time></time></trkpt>
<trkpt lat="36.76667949451511" lon="126.601782315033"><ele>0</ele><time></time></trkpt>
<trkpt lat="36.76457867151679" lon="126.6021228933192"><ele>0</ele><time></time></trkpt>
<trkpt lat="36.7631347191105" lon="126.6026339247226"><ele>0</ele><time></time></trkpt>
<trkpt lat="36.76018521286846" lon="126.6032793652426"><ele>0</ele><time></time></trkpt>
<trkpt lat="36.75705425936132" lon="126.6049234424151"><ele>0</ele><time></time></trkpt>
<trkpt lat="36.75537557141859" lon="126.6051345279358"><ele>0</ele><time></time></trkpt>
<trkpt lat="36.75251451262606" lon="126.6062475566475"><ele>0</ele><time></time></trkpt>
<trkpt lat="36.75056111835293" lon="126.6091208909488"><ele>0</ele><time></time></trkpt>
<trkpt lat="36.74964842707594" lon="126.6101025150789"><ele>0</ele><time></time></trkpt>
<trkpt lat="36.74779610311176" lon="126.6105253125349"><ele>0</ele><time></time></trkpt>
<trkpt lat="36.74650992001138" lon="126.6114966082039"><ele>0</ele><time></time></trkpt>
<trkpt lat="36.74593918723031" lon="126.6135038986402"><ele>0</ele><time></time></trkpt>
<trkpt lat="36.74606917889965" lon="126.6144447871574"><ele>0</ele><time></time></trkpt>
<trkpt lat="36.7451471735535" lon="126.6146203625373"><ele>0</ele><time></time></trkpt>
<trkpt lat="36.74477106210507" lon="126.6156995422348"><ele>0</ele><time></time></trkpt>
<trkpt lat="36.74383566053823" lon="126.6159829440336"><ele>0</ele><time></time></trkpt>
<trkpt lat="36.74286713907505" lon="126.6153318637702"><ele>0</ele><time></time></trkpt>
<trkpt lat="36.74188504866645" lon="126.6146792910622"><ele>0</ele><time></time></trkpt>
<trkpt lat="36.74105083058115" lon="126.6155247672294"><ele>0</ele><time></time></trkpt>
<trkpt lat="36.74036715433586" lon="126.6155606607955"><ele>0</ele><time></time></trkpt>
<trkpt lat="36.74014996784155" lon="126.6163769868601"><ele>0</ele><time></time></trkpt>
<trkpt lat="36.73972880364691" lon="126.6172536318604"><ele>0</ele><time></time></trkpt>
<trkpt lat="36.73896140176111" lon="126.6167408957405"><ele>0</ele><time></time></trkpt>
<trkpt lat="36.73798865644038" lon="126.6175819766253"><ele>0</ele><time></time></trkpt>
<trkpt lat="36.73727904495269" lon="126.6193281218458"><ele>0</ele><time></time></trkpt>
<trkpt lat="36.73620534247176" lon="126.6199418388085"><ele>0</ele><time></time></trkpt>
<trkpt lat="36.735048196056" lon="126.6206095686061"><ele>0</ele><time></time></trkpt>
<trkpt lat="36.73380751925266" lon="126.6214777377341"><ele>0</ele><time></time></trkpt>
<trkpt lat="36.73302522266176" lon="126.622068203438"><ele>0</ele><time></time></trkpt>
<trkpt lat="36.73195524415796" lon="126.6218126691729"><ele>0</ele><time></time></trkpt>
<trkpt lat="36.73114081517954" lon="126.6212927504698"><ele>0</ele><time></time></trkpt>
<trkpt lat="36.7300335045187" lon="126.622216825734"><ele>0</ele><time></time></trkpt>
<trkpt lat="36.72873536100645" lon="126.6229045257194"><ele>0</ele><time></time></trkpt>
<trkpt lat="36.72786555575191" lon="126.6233170239194"><ele>0</ele><time></time></trkpt>
<trkpt lat="36.72695231724849" lon="126.6235039562339"><ele>0</ele><time></time></trkpt>
<trkpt lat="36.7261859819442" lon="126.6237512446911"><ele>0</ele><time></time></trkpt>
<trkpt lat="36.72529771723313" lon="126.6238986186036"><ele>0</ele><time></time></trkpt>
<trkpt lat="36.7246253004765" lon="126.6242691202652"><ele>0</ele><time></time></trkpt>
<trkpt lat="36.72292367510313" lon="126.6249497478046"><ele>0</ele><time></time></trkpt>
<trkpt lat="36.7214267270879" lon="126.6253273601679"><ele>0</ele><time></time></trkpt>
<trkpt lat="36.71995456903048" lon="126.6252725739561"><ele>0</ele><time></time></trkpt>
<trkpt lat="36.71894347077413" lon="126.6275631650087"><ele>0</ele><time></time></trkpt>
<trkpt lat="36.71654390735624" lon="126.6300319934216"><ele>0</ele><time></time></trkpt>
<trkpt lat="36.71470872822574" lon="126.6315606847491"><ele>0</ele><time></time></trkpt>
<trkpt lat="36.71518261182578" lon="126.6322104177532"><ele>0</ele><time></time></trkpt>
<trkpt lat="36.71335767788953" lon="126.6327570242884"><ele>0</ele><time></time></trkpt>
<trkpt lat="36.71205207670936" lon="126.6343585434108"><ele>0</ele><time></time></trkpt>
<trkpt lat="36.71211469112534" lon="126.6366180829588"><ele>0</ele><time></time></trkpt>
<trkpt lat="36.711506977796" lon="126.6396399801159"><ele>0</ele><time></time></trkpt>
<trkpt lat="36.70953470542458" lon="126.6410548850773"><ele>0</ele><time></time></trkpt>
<trkpt lat="36.7073478177408" lon="126.6430792045401"><ele>0</ele><time></time></trkpt>
<trkpt lat="36.70607342811002" lon="126.6439684863496"><ele>0</ele><time></time></trkpt>
<trkpt lat="36.70512107628549" lon="126.6454288918885"><ele>0</ele><time></time></trkpt>
<trkpt lat="36.70401359254686" lon="126.6446466643177"><ele>0</ele><time></time></trkpt>
<trkpt lat="36.70404868666215" lon="126.6431134280636"><ele>0</ele><time></time></trkpt>
<trkpt lat="36.70328403060864" lon="126.6421395258996"><ele>0</ele><time></time></trkpt>
<trkpt lat="36.70258767006636" lon="126.6414416834353"><ele>0</ele><time></time></trkpt>
<trkpt lat="36.70154112824128" lon="126.6407114942759"><ele>0</ele><time></time></trkpt>
<trkpt lat="36.70006601641" lon="126.640315546465"><ele>0</ele><time></time></trkpt>
<trkpt lat="36.69859016095983" lon="126.6401036503461"><ele>0</ele><time></time></trkpt>
<trkpt lat="36.69752412256627" lon="126.6389843208262"><ele>0</ele><time></time></trkpt>
<trkpt lat="36.69846259905783" lon="126.6367770055042"><ele>0</ele><time></time></trkpt>
<trkpt lat="36.69841580223569" lon="126.6330664914243"><ele>0</ele><time></time></trkpt>
<trkpt lat="36.69917844289751" lon="126.6309471639298"><ele>0</ele><time></time></trkpt>
<trkpt lat="36.70014500082585" lon="126.6294090368075"><ele>0</ele><time></time></trkpt>
<trkpt lat="36.70059820662745" lon="126.6279150827664"><ele>0</ele><time></time></trkpt>
<trkpt lat="36.70034410040771" lon="126.6261229059906"><ele>0</ele><time></time></trkpt>
<trkpt lat="36.70081248073651" lon="126.6242833264324"><ele>0</ele><time></time></trkpt>
<trkpt lat="36.70103095072177" lon="126.6231090980087"><ele>0</ele><time></time></trkpt>
<trkpt lat="36.70057734679619" lon="126.6225786979435"><ele>0</ele><time></time></trkpt>
<trkpt lat="36.69974771602807" lon="126.6223119794332"><ele>0</ele><time></time></trkpt>
<trkpt lat="36.69897980110302" lon="126.62223364848"><ele>0</ele><time></time></trkpt>
<trkpt lat="36.69824947768983" lon="126.6217441411785"><ele>0</ele><time></time></trkpt>
<trkpt lat="36.6972740282666" lon="126.6221249590578"><ele>0</ele><time></time></trkpt>
<trkpt lat="36.6969519385244" lon="126.6234748671244"><ele>0</ele><time></time></trkpt>
<trkpt lat="36.69619717219597" lon="126.6263880241033"><ele>0</ele><time></time></trkpt>
<trkpt lat="36.69421887202557" lon="126.6287366099677"><ele>0</ele><time></time></trkpt>
<trkpt lat="36.69268365103567" lon="126.6303361175491"><ele>0</ele><time></time></trkpt>
<trkpt lat="36.69181921167102" lon="126.6313062141696"><ele>0</ele><time></time></trkpt>
<trkpt lat="36.69063875043942" lon="126.6326243701712"><ele>0</ele><time></time></trkpt>
<trkpt lat="36.6892962156159" lon="126.6336893349348"><ele>0</ele><time></time></trkpt>
<trkpt lat="36.68766877566798" lon="126.632350329733"><ele>0</ele><time></time></trkpt>
<trkpt lat="36.68572645102394" lon="126.6320998055966"><ele>0</ele><time></time></trkpt>
<trkpt lat="36.68564079659095" lon="126.6399262672346"><ele>0</ele><time></time></trkpt>
</trkseg>
</trk>
<trk>
<name></name>
<trkseg>
<trkpt lat="36.62179687391871" lon="126.6320242745168"><ele>0</ele><time></time></trkpt>
<trkpt lat="36.62389484251" lon="126.6333532291725"><ele>0</ele><time></time></trkpt>
<trkpt lat="36.6274554839212" lon="126.634334357193"><ele>0</ele><time></time></trkpt>
<trkpt lat="36.6301700495771" lon="126.6365147285939"><ele>0</ele><time></time></trkpt>
<trkpt lat="36.63049557163157" lon="126.6382483653055"><ele>0</ele><time></time></trkpt>
<trkpt lat="36.63140990003892" lon="126.641613533358"><ele>0</ele><time></time></trkpt>
<trkpt lat="36.63086162329016" lon="126.6440831969562"><ele>0</ele><time></time></trkpt>
<trkpt lat="36.63146551100107" lon="126.6469191651024"><ele>0</ele><time></time></trkpt>
<trkpt lat="36.63130089020017" lon="126.6489176936306"><ele>0</ele><time></time></trkpt>
<trkpt lat="36.63127904165387" lon="126.6506213563231"><ele>0</ele><time></time></trkpt>
<trkpt lat="36.63209976699584" lon="126.6520532209664"><ele>0</ele><time></time></trkpt>
<trkpt lat="36.63361390014558" lon="126.6524138320878"><ele>0</ele><time></time></trkpt>
<trkpt lat="36.63494189946533" lon="126.654476660564"><ele>0</ele><time></time></trkpt>
<trkpt lat="36.63590546502915" lon="126.6563464077285"><ele>0</ele><time></time></trkpt>
<trkpt lat="36.63674828229924" lon="126.6578055167188"><ele>0</ele><time></time></trkpt>
<trkpt lat="36.63838409794359" lon="126.6595747484932"><ele>0</ele><time></time></trkpt>
<trkpt lat="36.64012743850002" lon="126.6611801632731"><ele>0</ele><time></time></trkpt>
<trkpt lat="36.64221456811991" lon="126.6625024562749"><ele>0</ele><time></time></trkpt>
<trkpt lat="36.64374009988214" lon="126.6623653534937"><ele>0</ele><time></time></trkpt>
<trkpt lat="36.64564488800202" lon="126.6602750942127"><ele>0</ele><time></time></trkpt>
<trkpt lat="36.6464279172242" lon="126.6586689875621"><ele>0</ele><time></time></trkpt>
<trkpt lat="36.6472544910535" lon="126.6567612121831"><ele>0</ele><time></time></trkpt>
<trkpt lat="36.64875743384221" lon="126.6559076790951"><ele>0</ele><time></time></trkpt>
<trkpt lat="36.64985251971443" lon="126.6552240554605"><ele>0</ele><time></time></trkpt>
<trkpt lat="36.65062755816593" lon="126.6548086230804"><ele>0</ele><time></time></trkpt>
<trkpt lat="36.65093717209322" lon="126.653912997575"><ele>0</ele><time></time></trkpt>
<trkpt lat="36.65101900119923" lon="126.653058102619"><ele>0</ele><time></time></trkpt>
<trkpt lat="36.65142656364647" lon="126.6534060568188"><ele>0</ele><time></time></trkpt>
<trkpt lat="36.65206512124239" lon="126.6538657550847"><ele>0</ele><time></time></trkpt>
<trkpt lat="36.65303303824581" lon="126.6545205285973"><ele>0</ele><time></time></trkpt>
<trkpt lat="36.65413276303105" lon="126.6548433757207"><ele>0</ele><time></time></trkpt>
<trkpt lat="36.65543039334205" lon="126.6551203867259"><ele>0</ele><time></time></trkpt>
<trkpt lat="36.65703006588796" lon="126.654626677409"><ele>0</ele><time></time></trkpt>
<trkpt lat="36.65834252546905" lon="126.6542368631756"><ele>0</ele><time></time></trkpt>
<trkpt lat="36.65914344279024" lon="126.6543397664029"><ele>0</ele><time></time></trkpt>
<trkpt lat="36.66015451968696" lon="126.6540337896109"><ele>0</ele><time></time></trkpt>
<trkpt lat="36.66105591023517" lon="126.6543661369728"><ele>0</ele><time></time></trkpt>
<trkpt lat="36.66233350550618" lon="126.6551491911536"><ele>0</ele><time></time></trkpt>
<trkpt lat="36.66287630684702" lon="126.6552737216899"><ele>0</ele><time></time></trkpt>
<trkpt lat="36.66304056968419" lon="126.6544715559553"><ele>0</ele><time></time></trkpt>
<trkpt lat="36.66312636675948" lon="126.6531345620864"><ele>0</ele><time></time></trkpt>
<trkpt lat="36.66306808820613" lon="126.6519108471635"><ele>0</ele><time></time></trkpt>
<trkpt lat="36.66345392926024" lon="126.6508639920846"><ele>0</ele><time></time></trkpt>
<trkpt lat="36.66416804033467" lon="126.6501898524672"><ele>0</ele><time></time></trkpt>
<trkpt lat="36.6647131792038" lon="126.6502040429984"><ele>0</ele><time></time></trkpt>
<trkpt lat="36.66596395953731" lon="126.6498593746393"><ele>0</ele><time></time></trkpt>
<trkpt lat="36.66720912956619" lon="126.6506867857144"><ele>0</ele><time></time></trkpt>
<trkpt lat="36.66795635675919" lon="126.6515931117497"><ele>0</ele><time></time></trkpt>
<trkpt lat="36.66880062923688" lon="126.6519172678115"><ele>0</ele><time></time></trkpt>
<trkpt lat="36.67019202604165" lon="126.6519612756539"><ele>0</ele><time></time></trkpt>
<trkpt lat="36.67162427886336" lon="126.6507684986727"><ele>0</ele><time></time></trkpt>
<trkpt lat="36.67275907847683" lon="126.6487014004903"><ele>0</ele><time></time></trkpt>
<trkpt lat="36.67441341681479" lon="126.6488435155045"><ele>0</ele><time></time></trkpt>
<trkpt lat="36.67566034454138" lon="126.6488190278718"><ele>0</ele><time></time></trkpt>
<trkpt lat="36.67721494879979" lon="126.6497274001924"><ele>0</ele><time></time></trkpt>
<trkpt lat="36.67851480059699" lon="126.6513209122906"><ele>0</ele><time></time></trkpt>
<trkpt lat="36.67958339066474" lon="126.6527651896101"><ele>0</ele><time></time></trkpt>
<trkpt lat="36.68080702193357" lon="126.6550070780302"><ele>0</ele><time></time></trkpt>
<trkpt lat="36.68220372481732" lon="126.6549520024385"><ele>0</ele><time></time></trkpt>
<trkpt lat="36.68469189033235" lon="126.6523092435423"><ele>0</ele><time></time></trkpt>
</trkseg>
</trk>
<trk>
<name></name>
<trkseg>
<trkpt lat="36.62179687391871" lon="126.6320242745168"><ele>0</ele><time></time></trkpt>
<trkpt lat="36.62068409589607" lon="126.631553888138"><ele>0</ele><time></time></trkpt>
<trkpt lat="36.62008382652657" lon="126.6321664427994"><ele>0</ele><time></time></trkpt>
<trkpt lat="36.61960542697201" lon="126.6323329386416"><ele>0</ele><time></time></trkpt>
<trkpt lat="36.61887088748585" lon="126.6326967853246"><ele>0</ele><time></time></trkpt>
<trkpt lat="36.61807276738269" lon="126.6326480933309"><ele>0</ele><time></time></trkpt>
<trkpt lat="36.617401678621" lon="126.6327363385675"><ele>0</ele><time></time></trkpt>
<trkpt lat="36.61692046376076" lon="126.6331802579269"><ele>0</ele><time></time></trkpt>
<trkpt lat="36.6159741656339" lon="126.6335137326546"><ele>0</ele><time></time></trkpt>
<trkpt lat="36.61602602161897" lon="126.6323472329924"><ele>0</ele><time></time></trkpt>
<trkpt lat="36.61604603699137" lon="126.6309527813025"><ele>0</ele><time></time></trkpt>
<trkpt lat="36.61528920809174" lon="126.6301922749082"><ele>0</ele><time></time></trkpt>
<trkpt lat="36.61419101754979" lon="126.6294562859306"><ele>0</ele><time></time></trkpt>
<trkpt lat="36.61303596802209" lon="126.6296835223212"><ele>0</ele><time></time></trkpt>
<trkpt lat="36.61192335726025" lon="126.6298989037746"><ele>0</ele><time></time></trkpt>
<trkpt lat="36.6113850445315" lon="126.6291982312167"><ele>0</ele><time></time></trkpt>
<trkpt lat="36.61068417752007" lon="126.6281457973166"><ele>0</ele><time></time></trkpt>
<trkpt lat="36.61029869151751" lon="126.6263527979614"><ele>0</ele><time></time></trkpt>
<trkpt lat="36.60984318907794" lon="126.6252438729241"><ele>0</ele><time></time></trkpt>
<trkpt lat="36.60918351522064" lon="126.6238957735248"><ele>0</ele><time></time></trkpt>
<trkpt lat="36.60857596026894" lon="126.6230796733277"><ele>0</ele><time></time></trkpt>
<trkpt lat="36.60798505672856" lon="126.623108876113"><ele>0</ele><time></time></trkpt>
<trkpt lat="36.60727935667501" lon="126.6230732312821"><ele>0</ele><time></time></trkpt>
<trkpt lat="36.60669299072093" lon="126.6235116544703"><ele>0</ele><time></time></trkpt>
<trkpt lat="36.60579507708489" lon="126.6234608326849"><ele>0</ele><time></time></trkpt>
<trkpt lat="36.60496504945638" lon="126.6239534271874"><ele>0</ele><time></time></trkpt>
<trkpt lat="36.60457241528193" lon="126.6241530009955"><ele>0</ele><time></time></trkpt>
<trkpt lat="36.60323235097796" lon="126.6244248096657"><ele>0</ele><time></time></trkpt>
<trkpt lat="36.60238570935527" lon="126.6245428262736"><ele>0</ele><time></time></trkpt>
<trkpt lat="36.60171063954386" lon="126.6256966970215"><ele>0</ele><time></time></trkpt>
<trkpt lat="36.60070659433193" lon="126.6264630449397"><ele>0</ele><time></time></trkpt>
<trkpt lat="36.59955874607817" lon="126.6279029430602"><ele>0</ele><time></time></trkpt>
<trkpt lat="36.59855429207043" lon="126.6294340735067"><ele>0</ele><time></time></trkpt>
<trkpt lat="36.5975200133805" lon="126.6298619213404"><ele>0</ele><time></time></trkpt>
<trkpt lat="36.5956213779175" lon="126.6292913336731"><ele>0</ele><time></time></trkpt>
<trkpt lat="36.5945607172199" lon="126.6301883855145"><ele>0</ele><time></time></trkpt>
<trkpt lat="36.59185685332652" lon="126.6305736834416"><ele>0</ele><time></time></trkpt>
<trkpt lat="36.5900916884664" lon="126.6317570628236"><ele>0</ele><time></time></trkpt>
<trkpt lat="36.58797507387656" lon="126.6317668976041"><ele>0</ele><time></time></trkpt>
<trkpt lat="36.58725206054687" lon="126.6307147250396"><ele>0</ele><time></time></trkpt>
<trkpt lat="36.58627796851124" lon="126.6303898227404"><ele>0</ele><time></time></trkpt>
<trkpt lat="36.58669858984193" lon="126.6327645192451"><ele>0</ele><time></time></trkpt>
<trkpt lat="36.58669741091266" lon="126.6382889500282"><ele>0</ele><time></time></trkpt>
<trkpt lat="36.58535232571148" lon="126.6388748322822"><ele>0</ele><time></time></trkpt>
<trkpt lat="36.5835222445037" lon="126.6382159446033"><ele>0</ele><time></time></trkpt>
<trkpt lat="36.58248752830541" lon="126.6387051471242"><ele>0</ele><time></time></trkpt>
<trkpt lat="36.58158296289272" lon="126.6382554770017"><ele>0</ele><time></time></trkpt>
<trkpt lat="36.58001188672984" lon="126.6388409422674"><ele>0</ele><time></time></trkpt>
<trkpt lat="36.57862977668438" lon="126.6380155902993"><ele>0</ele><time></time></trkpt>
<trkpt lat="36.57658489315776" lon="126.6370947614748"><ele>0</ele><time></time></trkpt>
<trkpt lat="36.57615947328127" lon="126.6370933828146"><ele>0</ele><time></time></trkpt>
<trkpt lat="36.57555567921472" lon="126.6384518871425"><ele>0</ele><time></time></trkpt>
<trkpt lat="36.57543691041805" lon="126.6405988999563"><ele>0</ele><time></time></trkpt>
<trkpt lat="36.57580191489349" lon="126.6429505846227"><ele>0</ele><time></time></trkpt>
<trkpt lat="36.57519326794521" lon="126.6450274997159"><ele>0</ele><time></time></trkpt>
<trkpt lat="36.57524987484801" lon="126.6471621503285"><ele>0</ele><time></time></trkpt>
<trkpt lat="36.57633816028514" lon="126.648639700376"><ele>0</ele><time></time></trkpt>
<trkpt lat="36.57594328274008" lon="126.6503974582591"><ele>0</ele><time></time></trkpt>
<trkpt lat="36.57519144823738" lon="126.6519911715686"><ele>0</ele><time></time></trkpt>
<trkpt lat="36.57552769356548" lon="126.6535265328402"><ele>0</ele><time></time></trkpt>
</trkseg>
</trk>
<trk>
<name></name>
<trkseg>
<trkpt lat="36.57548594812766" lon="126.6545210467898"><ele>0</ele><time></time></trkpt>
<trkpt lat="36.57314015776486" lon="126.6532100074005"><ele>0</ele><time></time></trkpt>
<trkpt lat="36.57201722006688" lon="126.6527245464421"><ele>0</ele><time></time></trkpt>
<trkpt lat="36.5728930160367" lon="126.653796215427"><ele>0</ele><time></time></trkpt>
<trkpt lat="36.57238589169266" lon="126.6549988301685"><ele>0</ele><time></time></trkpt>
<trkpt lat="36.57114038778665" lon="126.6551702498101"><ele>0</ele><time></time></trkpt>
<trkpt lat="36.57058113715992" lon="126.655945816056"><ele>0</ele><time></time></trkpt>
<trkpt lat="36.56955931777206" lon="126.6561497652334"><ele>0</ele><time></time></trkpt>
<trkpt lat="36.56793471519036" lon="126.6572216668812"><ele>0</ele><time></time></trkpt>
<trkpt lat="36.56672698580634" lon="126.6577261250392"><ele>0</ele><time></time></trkpt>
<trkpt lat="36.56634326658734" lon="126.6585802289113"><ele>0</ele><time></time></trkpt>
<trkpt lat="36.56523549556758" lon="126.6590522728813"><ele>0</ele><time></time></trkpt>
<trkpt lat="36.56438238620024" lon="126.6584613510771"><ele>0</ele><time></time></trkpt>
<trkpt lat="36.56382887475" lon="126.6587131641493"><ele>0</ele><time></time></trkpt>
<trkpt lat="36.56352667507384" lon="126.6593569024624"><ele>0</ele><time></time></trkpt>
<trkpt lat="36.56237610471213" lon="126.6598103299187"><ele>0</ele><time></time></trkpt>
<trkpt lat="36.56134965926877" lon="126.6598990953452"><ele>0</ele><time></time></trkpt>
<trkpt lat="36.56069564023248" lon="126.6591139768221"><ele>0</ele><time></time></trkpt>
<trkpt lat="36.56025376416095" lon="126.6583479897274"><ele>0</ele><time></time></trkpt>
<trkpt lat="36.55912440068884" lon="126.6577631606566"><ele>0</ele><time></time></trkpt>
<trkpt lat="36.55778910259567" lon="126.6575116332205"><ele>0</ele><time></time></trkpt>
<trkpt lat="36.55700833829166" lon="126.6562639564475"><ele>0</ele><time></time></trkpt>
<trkpt lat="36.55567328649347" lon="126.6553074542934"><ele>0</ele><time></time></trkpt>
<trkpt lat="36.55416547700356" lon="126.6543087767186"><ele>0</ele><time></time></trkpt>
<trkpt lat="36.55212852217104" lon="126.6549278130302"><ele>0</ele><time></time></trkpt>
<trkpt lat="36.55042495148948" lon="126.653460012726"><ele>0</ele><time></time></trkpt>
<trkpt lat="36.54915046184502" lon="126.6516797938805"><ele>0</ele><time></time></trkpt>
<trkpt lat="36.54851996541311" lon="126.6497863777853"><ele>0</ele><time></time></trkpt>
<trkpt lat="36.54672224758651" lon="126.6489679702768"><ele>0</ele><time></time></trkpt>
<trkpt lat="36.54513930190534" lon="126.6472955298543"><ele>0</ele><time></time></trkpt>
<trkpt lat="36.54468621565842" lon="126.645587797576"><ele>0</ele><time></time></trkpt>
<trkpt lat="36.54341784349412" lon="126.645014111475"><ele>0</ele><time></time></trkpt>
<trkpt lat="36.54267622431569" lon="126.6452263918134"><ele>0</ele><time></time></trkpt>
<trkpt lat="36.54106270832999" lon="126.6425445268894"><ele>0</ele><time></time></trkpt>
<trkpt lat="36.53971085294575" lon="126.6416293802619"><ele>0</ele><time></time></trkpt>
<trkpt lat="36.53860878371292" lon="126.6421451949406"><ele>0</ele><time></time></trkpt>
<trkpt lat="36.53696224578524" lon="126.6430399282949"><ele>0</ele><time></time></trkpt>
<trkpt lat="36.53619888048959" lon="126.6424330107515"><ele>0</ele><time></time></trkpt>
<trkpt lat="36.5347382589527" lon="126.6425604508273"><ele>0</ele><time></time></trkpt>
<trkpt lat="36.53343754256171" lon="126.641835013886"><ele>0</ele><time></time></trkpt>
<trkpt lat="36.53179540764518" lon="126.6403396970184"><ele>0</ele><time></time></trkpt>
<trkpt lat="36.53042496556665" lon="126.6390137793652"><ele>0</ele><time></time></trkpt>
<trkpt lat="36.52957387348427" lon="126.6382689049912"><ele>0</ele><time></time></trkpt>
<trkpt lat="36.52690891935335" lon="126.6377950862502"><ele>0</ele><time></time></trkpt>
<trkpt lat="36.52535499542209" lon="126.636474502526"><ele>0</ele><time></time></trkpt>
<trkpt lat="36.52285060229249" lon="126.634242272336"><ele>0</ele><time></time></trkpt>
<trkpt lat="36.52226642073948" lon="126.6323331459863"><ele>0</ele><time></time></trkpt>
<trkpt lat="36.52257125815316" lon="126.6311301399911"><ele>0</ele><time></time></trkpt>
<trkpt lat="36.52264845551762" lon="126.6307160019743"><ele>0</ele><time></time></trkpt>
<trkpt lat="36.52078854788216" lon="126.6303188372323"><ele>0</ele><time></time></trkpt>
<trkpt lat="36.51556024167614" lon="126.6304225678983"><ele>0</ele><time></time></trkpt>
<trkpt lat="36.51485192697441" lon="126.6267317000228"><ele>0</ele><time></time></trkpt>
<trkpt lat="36.50882830552537" lon="126.6240795064614"><ele>0</ele><time></time></trkpt>
<trkpt lat="36.50308592011795" lon="126.6255117304497"><ele>0</ele><time></time></trkpt>
<trkpt lat="36.50257074763424" lon="126.6289131221452"><ele>0</ele><time></time></trkpt>
<trkpt lat="36.50000658569122" lon="126.6346942554692"><ele>0</ele><time></time></trkpt>
<trkpt lat="36.49837949071611" lon="126.6396767157787"><ele>0</ele><time></time></trkpt>
<trkpt lat="36.49456453672528" lon="126.6428231551994"><ele>0</ele><time></time></trkpt>
<trkpt lat="36.48835364961167" lon="126.6426661119407"><ele>0</ele><time></time></trkpt>
<trkpt lat="36.48356262790107" lon="126.6401673635955"><ele>0</ele><time></time></trkpt>
</trkseg>
</trk>
<trk>
<name></name>
<trkseg>
<trkpt lat="36.4817970877587" lon="126.6380340464735"><ele>0</ele><time></time></trkpt>
<trkpt lat="36.4809853392869" lon="126.6364865563146"><ele>0</ele><time></time></trkpt>
<trkpt lat="36.47872365322803" lon="126.6358643639267"><ele>0</ele><time></time></trkpt>
<trkpt lat="36.47502500409206" lon="126.6366186813144"><ele>0</ele><time></time></trkpt>
<trkpt lat="36.47354568903189" lon="126.6371577252741"><ele>0</ele><time></time></trkpt>
<trkpt lat="36.47200672216427" lon="126.6378114556862"><ele>0</ele><time></time></trkpt>
<trkpt lat="36.4701751675736" lon="126.638098216487"><ele>0</ele><time></time></trkpt>
<trkpt lat="36.47086412365119" lon="126.639856792469"><ele>0</ele><time></time></trkpt>
<trkpt lat="36.47257113598356" lon="126.6419688173374"><ele>0</ele><time></time></trkpt>
<trkpt lat="36.47262250158568" lon="126.6445218480541"><ele>0</ele><time></time></trkpt>
<trkpt lat="36.47328955973756" lon="126.6458679480364"><ele>0</ele><time></time></trkpt>
<trkpt lat="36.47357473313158" lon="126.6473138687627"><ele>0</ele><time></time></trkpt>
<trkpt lat="36.47446813419835" lon="126.6484324633471"><ele>0</ele><time></time></trkpt>
<trkpt lat="36.47376863681261" lon="126.6487937334416"><ele>0</ele><time></time></trkpt>
<trkpt lat="36.47232530605051" lon="126.6481985527556"><ele>0</ele><time></time></trkpt>
<trkpt lat="36.47297386387575" lon="126.6493431633876"><ele>0</ele><time></time></trkpt>
<trkpt lat="36.47392341963057" lon="126.6497380771126"><ele>0</ele><time></time></trkpt>
<trkpt lat="36.47545860591931" lon="126.650239737751"><ele>0</ele><time></time></trkpt>
<trkpt lat="36.47671184857776" lon="126.6507971078713"><ele>0</ele><time></time></trkpt>
<trkpt lat="36.47607967404907" lon="126.6513176934805"><ele>0</ele><time></time></trkpt>
<trkpt lat="36.47587792757622" lon="126.6513005264857"><ele>0</ele><time></time></trkpt>
<trkpt lat="36.47564677928975" lon="126.6520943708327"><ele>0</ele><time></time></trkpt>
<trkpt lat="36.47433852624749" lon="126.6528212415796"><ele>0</ele><time></time></trkpt>
<trkpt lat="36.47344704173904" lon="126.6540804398694"><ele>0</ele><time></time></trkpt>
<trkpt lat="36.47151973394928" lon="126.6547429971495"><ele>0</ele><time></time></trkpt>
<trkpt lat="36.47151402909473" lon="126.6562402830643"><ele>0</ele><time></time></trkpt>
<trkpt lat="36.47115820081873" lon="126.6574238901213"><ele>0</ele><time></time></trkpt>
<trkpt lat="36.47075973838683" lon="126.6577039280035"><ele>0</ele><time></time></trkpt>
<trkpt lat="36.46971933860095" lon="126.6582664535127"><ele>0</ele><time></time></trkpt>
<trkpt lat="36.46846009509608" lon="126.6587265092639"><ele>0</ele><time></time></trkpt>
<trkpt lat="36.46871131633937" lon="126.6598647653895"><ele>0</ele><time></time></trkpt>
<trkpt lat="36.46857390871561" lon="126.6601417992562"><ele>0</ele><time></time></trkpt>
<trkpt lat="36.46768997553436" lon="126.6603231819918"><ele>0</ele><time></time></trkpt>
<trkpt lat="36.46834987885299" lon="126.6618160020214"><ele>0</ele><time></time></trkpt>
<trkpt lat="36.46812845932164" lon="126.6624840060534"><ele>0</ele><time></time></trkpt>
<trkpt lat="36.46752680851166" lon="126.6615646168878"><ele>0</ele><time></time></trkpt>
<trkpt lat="36.46632831896351" lon="126.6629334424278"><ele>0</ele><time></time></trkpt>
<trkpt lat="36.46608868228252" lon="126.6632315170803"><ele>0</ele><time></time></trkpt>
<trkpt lat="36.46557788016736" lon="126.6633690614163"><ele>0</ele><time></time></trkpt>
<trkpt lat="36.46634999603936" lon="126.6639411501871"><ele>0</ele><time></time></trkpt>
<trkpt lat="36.46580862718569" lon="126.665883562266"><ele>0</ele><time></time></trkpt>
<trkpt lat="36.46527839817483" lon="126.6671874707213"><ele>0</ele><time></time></trkpt>
<trkpt lat="36.46491057317869" lon="126.6674521840123"><ele>0</ele><time></time></trkpt>
<trkpt lat="36.46506445264958" lon="126.6684447820865"><ele>0</ele><time></time></trkpt>
<trkpt lat="36.46553541630397" lon="126.6689047996985"><ele>0</ele><time></time></trkpt>
<trkpt lat="36.46481840675864" lon="126.6699389785453"><ele>0</ele><time></time></trkpt>
<trkpt lat="36.46392096588858" lon="126.6723239039956"><ele>0</ele><time></time></trkpt>
<trkpt lat="36.46490971161376" lon="126.6735803815006"><ele>0</ele><time></time></trkpt>
<trkpt lat="36.46511140394675" lon="126.676075455621"><ele>0</ele><time></time></trkpt>
<trkpt lat="36.46691931250717" lon="126.6772814129938"><ele>0</ele><time></time></trkpt>
<trkpt lat="36.46800879752517" lon="126.6789280684197"><ele>0</ele><time></time></trkpt>
<trkpt lat="36.46935388799594" lon="126.6803596728175"><ele>0</ele><time></time></trkpt>
<trkpt lat="36.47026700098692" lon="126.6816075701514"><ele>0</ele><time></time></trkpt>
<trkpt lat="36.47062958495437" lon="126.6830358194809"><ele>0</ele><time></time></trkpt>
<trkpt lat="36.47219856897083" lon="126.6836206235074"><ele>0</ele><time></time></trkpt>
<trkpt lat="36.4718691402381" lon="126.6854666053005"><ele>0</ele><time></time></trkpt>
<trkpt lat="36.47146410959648" lon="126.6868339366583"><ele>0</ele><time></time></trkpt>
<trkpt lat="36.47202295842473" lon="126.6892310709611"><ele>0</ele><time></time></trkpt>
<trkpt lat="36.47342476704875" lon="126.6905437305316"><ele>0</ele><time></time></trkpt>
<trkpt lat="36.47439653934158" lon="126.6927814111608"><ele>0</ele><time></time></trkpt>
<trkpt lat="36.47532625049809" lon="126.6944740774636"><ele>0</ele><time></time></trkpt>
<trkpt lat="36.47579729161379" lon="126.6961158952539"><ele>0</ele><time></time></trkpt>
<trkpt lat="36.47606703653319" lon="126.697934975946"><ele>0</ele><time></time></trkpt>
<trkpt lat="36.47650089875351" lon="126.698865385501"><ele>0</ele><time></time></trkpt>
<trkpt lat="36.47712220906607" lon="126.6997135213539"><ele>0</ele><time></time></trkpt>
<trkpt lat="36.47813025028141" lon="126.7006848539303"><ele>0</ele><time></time></trkpt>
<trkpt lat="36.47868139280331" lon="126.7025948534496"><ele>0</ele><time></time></trkpt>
<trkpt lat="36.47908293398317" lon="126.7055217339913"><ele>0</ele><time></time></trkpt>
<trkpt lat="36.47813038777302" lon="126.7073885764653"><ele>0</ele><time></time></trkpt>
<trkpt lat="36.47853527187959" lon="126.7088141516459"><ele>0</ele><time></time></trkpt>
<trkpt lat="36.47886766575549" lon="126.7103670741133"><ele>0</ele><time></time></trkpt>
<trkpt lat="36.47952219627156" lon="126.7119138096882"><ele>0</ele><time></time></trkpt>
<trkpt lat="36.48095922436875" lon="126.7133844292176"><ele>0</ele><time></time></trkpt>
<trkpt lat="36.48259436846836" lon="126.7117853782461"><ele>0</ele><time></time></trkpt>
<trkpt lat="36.48402099648648" lon="126.7114497908609"><ele>0</ele><time></time></trkpt>
<trkpt lat="36.48468045402853" lon="126.7127842791849"><ele>0</ele><time></time></trkpt>
<trkpt lat="36.48655744132252" lon="126.714032743323"><ele>0</ele><time></time></trkpt>
<trkpt lat="36.48798586299303" lon="126.7140476366023"><ele>0</ele><time></time></trkpt>
<trkpt lat="36.48896155417232" lon="126.7142672903062"><ele>0</ele><time></time></trkpt>
<trkpt lat="36.49060683979802" lon="126.7158523981152"><ele>0</ele><time></time></trkpt>
<trkpt lat="36.4907834557514" lon="126.7171570412804"><ele>0</ele><time></time></trkpt>
<trkpt lat="36.48994728409884" lon="126.7181029914717"><ele>0</ele><time></time></trkpt>
<trkpt lat="36.49122110081731" lon="126.7190630615564"><ele>0</ele><time></time></trkpt>
<trkpt lat="36.49219985809293" lon="126.719488637065"><ele>0</ele><time></time></trkpt>
<trkpt lat="36.49166262926667" lon="126.719877379519"><ele>0</ele><time></time></trkpt>
<trkpt lat="36.49084552561377" lon="126.7202412056345"><ele>0</ele><time></time></trkpt>
<trkpt lat="36.49085024576236" lon="126.7210263238417"><ele>0</ele><time></time></trkpt>
<trkpt lat="36.49091276513943" lon="126.7221818897643"><ele>0</ele><time></time></trkpt>
<trkpt lat="36.4919519503249" lon="126.7234765299924"><ele>0</ele><time></time></trkpt>
<trkpt lat="36.49389364571277" lon="126.7244307933624"><ele>0</ele><time></time></trkpt>
</trkseg>
</trk>
<trk>
<name></name>
<trkseg>
<trkpt lat="37.01313085804959" lon="128.7478077809049"><ele>0</ele><time></time></trkpt>
<trkpt lat="37.01373379725428" lon="128.7484724760177"><ele>0</ele><time></time></trkpt>
<trkpt lat="37.01350454662939" lon="128.7496488746858"><ele>0</ele><time></time></trkpt>
<trkpt lat="37.01423529908214" lon="128.7503827966477"><ele>0</ele><time></time></trkpt>
<trkpt lat="37.0148179290692" lon="128.7503911172919"><ele>0</ele><time></time></trkpt>
<trkpt lat="37.01546462496491" lon="128.7504368746791"><ele>0</ele><time></time></trkpt>
<trkpt lat="37.01519128782707" lon="128.751288854093"><ele>0</ele><time></time></trkpt>
<trkpt lat="37.01536817070085" lon="128.7518126133619"><ele>0</ele><time></time></trkpt>
<trkpt lat="37.01593800121778" lon="128.7521566386553"><ele>0</ele><time></time></trkpt>
<trkpt lat="37.01630338315893" lon="128.7521408311843"><ele>0</ele><time></time></trkpt>
<trkpt lat="37.01668935716481" lon="128.7526217323679"><ele>0</ele><time></time></trkpt>
<trkpt lat="37.01710389492041" lon="128.7532948264009"><ele>0</ele><time></time></trkpt>
<trkpt lat="37.01768510101146" lon="128.7540587748308"><ele>0</ele><time></time></trkpt>
<trkpt lat="37.01838336840173" lon="128.7543032212938"><ele>0</ele><time></time></trkpt>
<trkpt lat="37.01910148560583" lon="128.7544588067622"><ele>0</ele><time></time></trkpt>
<trkpt lat="37.01969005690057" lon="128.7552292467205"><ele>0</ele><time></time></trkpt>
<trkpt lat="37.02073831453099" lon="128.7552600304425"><ele>0</ele><time></time></trkpt>
<trkpt lat="37.02194664903181" lon="128.7551077731201"><ele>0</ele><time></time></trkpt>
<trkpt lat="37.02294904014436" lon="128.7549297235329"><ele>0</ele><time></time></trkpt>
<trkpt lat="37.02413409014297" lon="128.754863994912"><ele>0</ele><time></time></trkpt>
<trkpt lat="37.02491326349933" lon="128.7545869360508"><ele>0</ele><time></time></trkpt>
<trkpt lat="37.02556887970122" lon="128.7545794477058"><ele>0</ele><time></time></trkpt>
<trkpt lat="37.02648952149182" lon="128.7546568245524"><ele>0</ele><time></time></trkpt>
<trkpt lat="37.02678253395032" lon="128.7544060794109"><ele>0</ele><time></time></trkpt>
<trkpt lat="37.02746917340909" lon="128.7542587806738"><ele>0</ele><time></time></trkpt>
<trkpt lat="37.02747372123612" lon="128.7547425420305"><ele>0</ele><time></time></trkpt>
<trkpt lat="37.02719064695507" lon="128.7553381744494"><ele>0</ele><time></time></trkpt>
<trkpt lat="37.02732881375982" lon="128.7559069827298"><ele>0</ele><time></time></trkpt>
<trkpt lat="37.02689523230725" lon="128.7562042470732"><ele>0</ele><time></time></trkpt>
<trkpt lat="37.02654567754666" lon="128.7564619315719"><ele>0</ele><time></time></trkpt>
<trkpt lat="37.02639403737828" lon="128.7566727808676"><ele>0</ele><time></time></trkpt>
<trkpt lat="37.02655084590237" lon="128.7569849728422"><ele>0</ele><time></time></trkpt>
<trkpt lat="37.02671590446059" lon="128.7572884365242"><ele>0</ele><time></time></trkpt>
<trkpt lat="37.02676056050122" lon="128.757664445172"><ele>0</ele><time></time></trkpt>
<trkpt lat="37.02649554630703" lon="128.758005381912"><ele>0</ele><time></time></trkpt>
<trkpt lat="37.02612944285591" lon="128.7581975348203"><ele>0</ele><time></time></trkpt>
<trkpt lat="37.02581573934027" lon="128.7584206700467"><ele>0</ele><time></time></trkpt>
<trkpt lat="37.02560301183538" lon="128.7586779275502"><ele>0</ele><time></time></trkpt>
<trkpt lat="37.02586178092314" lon="128.7591120918422"><ele>0</ele><time></time></trkpt>
<trkpt lat="37.02610429347977" lon="128.7596241488737"><ele>0</ele><time></time></trkpt>
<trkpt lat="37.02593919471903" lon="128.7600949013388"><ele>0</ele><time></time></trkpt>
<trkpt lat="37.02579680615541" lon="128.7606688151181"><ele>0</ele><time></time></trkpt>
<trkpt lat="37.0259089806573" lon="128.7611089680464"><ele>0</ele><time></time></trkpt>
<trkpt lat="37.02597456642592" lon="128.7615433793557"><ele>0</ele><time></time></trkpt>
<trkpt lat="37.02571928485087" lon="128.7618809480447"><ele>0</ele><time></time></trkpt>
<trkpt lat="37.02520318869542" lon="128.7621300336633"><ele>0</ele><time></time></trkpt>
<trkpt lat="37.02487752739518" lon="128.7619787277856"><ele>0</ele><time></time></trkpt>
<trkpt lat="37.0247855018892" lon="128.7622497363548"><ele>0</ele><time></time></trkpt>
<trkpt lat="37.02453436007106" lon="128.7624551631918"><ele>0</ele><time></time></trkpt>
<trkpt lat="37.02413681399744" lon="128.7623363267899"><ele>0</ele><time></time></trkpt>
<trkpt lat="37.02380744244768" lon="128.7624205953473"><ele>0</ele><time></time></trkpt>
<trkpt lat="37.02341968894861" lon="128.7621621131445"><ele>0</ele><time></time></trkpt>
<trkpt lat="37.02314702524108" lon="128.7618556920668"><ele>0</ele><time></time></trkpt>
<trkpt lat="37.02255909606861" lon="128.7615211403285"><ele>0</ele><time></time></trkpt>
<trkpt lat="37.02209161255112" lon="128.761418340595"><ele>0</ele><time></time></trkpt>
<trkpt lat="37.02210812113098" lon="128.7616855784044"><ele>0</ele><time></time></trkpt>
<trkpt lat="37.02237333612083" lon="128.7621199864244"><ele>0</ele><time></time></trkpt>
<trkpt lat="37.02229644452262" lon="128.7625273856638"><ele>0</ele><time></time></trkpt>
<trkpt lat="37.02203863621408" lon="128.7626621972934"><ele>0</ele><time></time></trkpt>
<trkpt lat="37.02209914520206" lon="128.762894741692"><ele>0</ele><time></time></trkpt>
<trkpt lat="37.02218858399148" lon="128.7631565346766"><ele>0</ele><time></time></trkpt>
<trkpt lat="37.02246366886787" lon="128.763409899407"><ele>0</ele><time></time></trkpt>
<trkpt lat="37.0225889374202" lon="128.7636117486726"><ele>0</ele><time></time></trkpt>
<trkpt lat="37.02279064588845" lon="128.7636702567362"><ele>0</ele><time></time></trkpt>
<trkpt lat="37.0230966492264" lon="128.7639833955956"><ele>0</ele><time></time></trkpt>
<trkpt lat="37.02301642376757" lon="128.7642620902581"><ele>0</ele><time></time></trkpt>
<trkpt lat="37.02267270381378" lon="128.764482608802"><ele>0</ele><time></time></trkpt>
<trkpt lat="37.02257397132336" lon="128.7648331483888"><ele>0</ele><time></time></trkpt>
<trkpt lat="37.02241127987593" lon="128.7649285095714"><ele>0</ele><time></time></trkpt>
<trkpt lat="37.02163322326067" lon="128.764821892369"><ele>0</ele><time></time></trkpt>
<trkpt lat="37.02127467871802" lon="128.7649126606351"><ele>0</ele><time></time></trkpt>
<trkpt lat="37.02094632756291" lon="128.7647132286911"><ele>0</ele><time></time></trkpt>
<trkpt lat="37.02061995275541" lon="128.7648444657545"><ele>0</ele><time></time></trkpt>
<trkpt lat="37.02035731981601" lon="128.7646359238672"><ele>0</ele><time></time></trkpt>
<trkpt lat="37.02006766724769" lon="128.7645827124259"><ele>0</ele><time></time></trkpt>
<trkpt lat="37.01986942698652" lon="128.7645885464645"><ele>0</ele><time></time></trkpt>
<trkpt lat="37.0196856265307" lon="128.7644822536371"><ele>0</ele><time></time></trkpt>
<trkpt lat="37.01939327935388" lon="128.7646910089639"><ele>0</ele><time></time></trkpt>
<trkpt lat="37.01937184837193" lon="128.7648741551809"><ele>0</ele><time></time></trkpt>
<trkpt lat="37.0194651772733" lon="128.7651129129252"><ele>0</ele><time></time></trkpt>
<trkpt lat="37.01943594345857" lon="128.7652865772051"><ele>0</ele><time></time></trkpt>
<trkpt lat="37.01928701217825" lon="128.765664712596"><ele>0</ele><time></time></trkpt>
<trkpt lat="37.01936217867185" lon="128.7660823050514"><ele>0</ele><time></time></trkpt>
<trkpt lat="37.01955016966554" lon="128.7661968217076"><ele>0</ele><time></time></trkpt>
<trkpt lat="37.01970067346768" lon="128.766566689308"><ele>0</ele><time></time></trkpt>
<trkpt lat="37.01978356576534" lon="128.7667220014297"><ele>0</ele><time></time></trkpt>
<trkpt lat="37.01975106569228" lon="128.7669713070187"><ele>0</ele><time></time></trkpt>
<trkpt lat="37.01967819862385" lon="128.7672910880216"><ele>0</ele><time></time></trkpt>
<trkpt lat="37.01978278804685" lon="128.7676430797314"><ele>0</ele><time></time></trkpt>
<trkpt lat="37.01977778627673" lon="128.7678889198565"><ele>0</ele><time></time></trkpt>
<trkpt lat="37.01951315621555" lon="128.7683741860701"><ele>0</ele><time></time></trkpt>
<trkpt lat="37.01935097482975" lon="128.7684477919281"><ele>0</ele><time></time></trkpt>
<trkpt lat="37.01903378661554" lon="128.7682278904243"><ele>0</ele><time></time></trkpt>
<trkpt lat="37.0188406203613" lon="128.7682194457117"><ele>0</ele><time></time></trkpt>
<trkpt lat="37.01871453171594" lon="128.768029271561"><ele>0</ele><time></time></trkpt>
<trkpt lat="37.01854506385176" lon="128.767607679305"><ele>0</ele><time></time></trkpt>
<trkpt lat="37.01831787963972" lon="128.7674967823422"><ele>0</ele><time></time></trkpt>
<trkpt lat="37.01807483083523" lon="128.7673312178206"><ele>0</ele><time></time></trkpt>
<trkpt lat="37.01806210198358" lon="128.767065897134"><ele>0</ele><time></time></trkpt>
<trkpt lat="37.01778644508172" lon="128.7668614202856"><ele>0</ele><time></time></trkpt>
<trkpt lat="37.01729895366108" lon="128.7662544475501"><ele>0</ele><time></time></trkpt>
<trkpt lat="37.01720348489887" lon="128.7658003612399"><ele>0</ele><time></time></trkpt>
<trkpt lat="37.01704315342165" lon="128.7656569169442"><ele>0</ele><time></time></trkpt>
<trkpt lat="37.01689050639796" lon="128.7654739671173"><ele>0</ele><time></time></trkpt>
<trkpt lat="37.01684194141072" lon="128.7649331372623"><ele>0</ele><time></time></trkpt>
<trkpt lat="37.01653309311758" lon="128.7643842990249"><ele>0</ele><time></time></trkpt>
<trkpt lat="37.01634232555624" lon="128.7641117574694"><ele>0</ele><time></time></trkpt>
<trkpt lat="37.01616401356183" lon="128.7636833984702"><ele>0</ele><time></time></trkpt>
<trkpt lat="37.01596864295301" lon="128.7636085908221"><ele>0</ele><time></time></trkpt>
<trkpt lat="37.01562992164661" lon="128.7633887417776"><ele>0</ele><time></time></trkpt>
<trkpt lat="37.01543880007065" lon="128.7633708995407"><ele>0</ele><time></time></trkpt>
<trkpt lat="37.01534377899696" lon="128.7638856542505"><ele>0</ele><time></time></trkpt>
<trkpt lat="37.01515608066692" lon="128.7644242338066"><ele>0</ele><time></time></trkpt>
<trkpt lat="37.0149869952106" lon="128.7645640696099"><ele>0</ele><time></time></trkpt>
<trkpt lat="37.0147027731231" lon="128.7646316430033"><ele>0</ele><time></time></trkpt>
<trkpt lat="37.01438585622721" lon="128.7646600500172"><ele>0</ele><time></time></trkpt>
<trkpt lat="37.01405134747203" lon="128.7646492615289"><ele>0</ele><time></time></trkpt>
<trkpt lat="37.01402627555365" lon="128.7648235672067"><ele>0</ele><time></time></trkpt>
<trkpt lat="37.01419907673797" lon="128.765200554883"><ele>0</ele><time></time></trkpt>
<trkpt lat="37.01430240760396" lon="128.7657894669994"><ele>0</ele><time></time></trkpt>
<trkpt lat="37.01427110297958" lon="128.7661245262443"><ele>0</ele><time></time></trkpt>
<trkpt lat="37.01376775953298" lon="128.7660690602058"><ele>0</ele><time></time></trkpt>
<trkpt lat="37.01322655793005" lon="128.7658583944631"><ele>0</ele><time></time></trkpt>
<trkpt lat="37.01274834285671" lon="128.7655254861227"><ele>0</ele><time></time></trkpt>
<trkpt lat="37.01260006043896" lon="128.7654930307338"><ele>0</ele><time></time></trkpt>
<trkpt lat="37.01257833940759" lon="128.7656716584925"><ele>0</ele><time></time></trkpt>
<trkpt lat="37.0127926651041" lon="128.7664076044587"><ele>0</ele><time></time></trkpt>
<trkpt lat="37.01275661333825" lon="128.7667616322189"><ele>0</ele><time></time></trkpt>
<trkpt lat="37.01266315920985" lon="128.7668526497124"><ele>0</ele><time></time></trkpt>
<trkpt lat="37.01210371013127" lon="128.7663927927332"><ele>0</ele><time></time></trkpt>
<trkpt lat="37.01179082695562" lon="128.7662296625194"><ele>0</ele><time></time></trkpt>
<trkpt lat="37.01167034205828" lon="128.7661058304344"><ele>0</ele><time></time></trkpt>
<trkpt lat="37.01139624305143" lon="128.7660595471056"><ele>0</ele><time></time></trkpt>
<trkpt lat="37.01104796237109" lon="128.7670594653127"><ele>0</ele><time></time></trkpt>
<trkpt lat="37.01054511287721" lon="128.767842316569"><ele>0</ele><time></time></trkpt>
<trkpt lat="37.0105162741142" lon="128.768571547452"><ele>0</ele><time></time></trkpt>
<trkpt lat="37.01008602136612" lon="128.7695701429818"><ele>0</ele><time></time></trkpt>
<trkpt lat="37.00943042227111" lon="128.7702401356503"><ele>0</ele><time></time></trkpt>
<trkpt lat="37.00901294698697" lon="128.7707889152332"><ele>0</ele><time></time></trkpt>
<trkpt lat="37.00892068766455" lon="128.7723282983496"><ele>0</ele><time></time></trkpt>
<trkpt lat="37.00871862744807" lon="128.7738477065954"><ele>0</ele><time></time></trkpt>
<trkpt lat="37.00849873254514" lon="128.7750677828578"><ele>0</ele><time></time></trkpt>
<trkpt lat="37.00798728946845" lon="128.7756956608351"><ele>0</ele><time></time></trkpt>
<trkpt lat="37.00791533290966" lon="128.7765746377638"><ele>0</ele><time></time></trkpt>
<trkpt lat="37.00808915705914" lon="128.7771239143639"><ele>0</ele><time></time></trkpt>
<trkpt lat="37.0079179189787" lon="128.777450717725"><ele>0</ele><time></time></trkpt>
<trkpt lat="37.00771542702621" lon="128.7781392278303"><ele>0</ele><time></time></trkpt>
<trkpt lat="37.00764661515278" lon="128.7786497694125"><ele>0</ele><time></time></trkpt>
<trkpt lat="37.00749017819638" lon="128.7791471639131"><ele>0</ele><time></time></trkpt>
<trkpt lat="37.00733548155021" lon="128.7796408788194"><ele>0</ele><time></time></trkpt>
<trkpt lat="37.00687411077403" lon="128.7801967049223"><ele>0</ele><time></time></trkpt>
<trkpt lat="37.00650402532862" lon="128.7804532614357"><ele>0</ele><time></time></trkpt>
<trkpt lat="37.00571748237725" lon="128.7813940075674"><ele>0</ele><time></time></trkpt>
<trkpt lat="37.00516042243236" lon="128.7828223118612"><ele>0</ele><time></time></trkpt>
<trkpt lat="37.00474071780163" lon="128.7838214630372"><ele>0</ele><time></time></trkpt>
<trkpt lat="37.00463643625319" lon="128.785126373321"><ele>0</ele><time></time></trkpt>
<trkpt lat="37.00438752057084" lon="128.7854706620052"><ele>0</ele><time></time></trkpt>
<trkpt lat="37.00415058048857" lon="128.7858321747078"><ele>0</ele><time></time></trkpt>
<trkpt lat="37.00412656649202" lon="128.7862205707821"><ele>0</ele><time></time></trkpt>
<trkpt lat="37.00383911454718" lon="128.7870014658331"><ele>0</ele><time></time></trkpt>
<trkpt lat="37.00361717460719" lon="128.7872229210717"><ele>0</ele><time></time></trkpt>
<trkpt lat="37.00351348397463" lon="128.7877379305392"><ele>0</ele><time></time></trkpt>
<trkpt lat="37.00354369824555" lon="128.7896402139555"><ele>0</ele><time></time></trkpt>
<trkpt lat="37.00353305179663" lon="128.7900282032395"><ele>0</ele><time></time></trkpt>
<trkpt lat="37.00329432149822" lon="128.7911674675555"><ele>0</ele><time></time></trkpt>
<trkpt lat="37.00339181585804" lon="128.7922307730311"><ele>0</ele><time></time></trkpt>
<trkpt lat="37.00357483843102" lon="128.7929949070393"><ele>0</ele><time></time></trkpt>
<trkpt lat="37.00369239738707" lon="128.7939389955275"><ele>0</ele><time></time></trkpt>
<trkpt lat="37.00333832962168" lon="128.7942550887493"><ele>0</ele><time></time></trkpt>
<trkpt lat="37.00327916892603" lon="128.7945517360796"><ele>0</ele><time></time></trkpt>
<trkpt lat="37.0035965152636" lon="128.795091801482"><ele>0</ele><time></time></trkpt>
<trkpt lat="37.00358996896029" lon="128.7956977197007"><ele>0</ele><time></time></trkpt>
<trkpt lat="37.00359742322102" lon="128.7965176907894"><ele>0</ele><time></time></trkpt>
<trkpt lat="37.00338314113487" lon="128.7973283226293"><ele>0</ele><time></time></trkpt>
<trkpt lat="37.00302684897145" lon="128.7975098661304"><ele>0</ele><time></time></trkpt>
<trkpt lat="37.00249377965729" lon="128.7973574661322"><ele>0</ele><time></time></trkpt>
<trkpt lat="37.00243638656021" lon="128.7977414454134"><ele>0</ele><time></time></trkpt>
<trkpt lat="37.00292170030284" lon="128.7983901656138"><ele>0</ele><time></time></trkpt>
<trkpt lat="37.00282222666335" lon="128.7993490753296"><ele>0</ele><time></time></trkpt>
<trkpt lat="37.00280971292467" lon="128.8008325748431"><ele>0</ele><time></time></trkpt>
<trkpt lat="37.00243237506763" lon="128.8014140280241"><ele>0</ele><time></time></trkpt>
<trkpt lat="37.00277865026474" lon="128.8021891489845"><ele>0</ele><time></time></trkpt>
<trkpt lat="37.00273500874415" lon="128.8027747658156"><ele>0</ele><time></time></trkpt>
<trkpt lat="37.00239794382094" lon="128.8035018282515"><ele>0</ele><time></time></trkpt>
<trkpt lat="37.00206822867148" lon="128.804166649783"><ele>0</ele><time></time></trkpt>
<trkpt lat="37.00185471390033" lon="128.8045810508935"><ele>0</ele><time></time></trkpt>
<trkpt lat="37.00196089367962" lon="128.8054677790441"><ele>0</ele><time></time></trkpt>
<trkpt lat="37.00132372280188" lon="128.8065169226341"><ele>0</ele><time></time></trkpt>
<trkpt lat="37.00106665663532" lon="128.8075497585268"><ele>0</ele><time></time></trkpt>
<trkpt lat="37.0014282162178" lon="128.8088597269453"><ele>0</ele><time></time></trkpt>
<trkpt lat="37.00102742607081" lon="128.8094367692156"><ele>0</ele><time></time></trkpt>
<trkpt lat="37.00053318137157" lon="128.8096164540416"><ele>0</ele><time></time></trkpt>
<trkpt lat="37.00016193539288" lon="128.8099907714742"><ele>0</ele><time></time></trkpt>
<trkpt lat="37.00019213173319" lon="128.8108577774617"><ele>0</ele><time></time></trkpt>
<trkpt lat="36.99992790137036" lon="128.8113025115327"><ele>0</ele><time></time></trkpt>
<trkpt lat="36.9990045814731" lon="128.8121295740081"><ele>0</ele><time></time></trkpt>
<trkpt lat="36.99903436742829" lon="128.8124749670885"><ele>0</ele><time></time></trkpt>
<trkpt lat="36.9991639016197" lon="128.813059891461"><ele>0</ele><time></time></trkpt>
<trkpt lat="36.99900235573055" lon="128.8134949651424"><ele>0</ele><time></time></trkpt>
<trkpt lat="36.99880689414084" lon="128.8143350038784"><ele>0</ele><time></time></trkpt>
<trkpt lat="36.9985338859848" lon="128.8155147244352"><ele>0</ele><time></time></trkpt>
<trkpt lat="36.99843598336599" lon="128.8156364929262"><ele>0</ele><time></time></trkpt>
<trkpt lat="36.99819019093694" lon="128.8158484914252"><ele>0</ele><time></time></trkpt>
<trkpt lat="36.9977476949801" lon="128.817088682787"><ele>0</ele><time></time></trkpt>
<trkpt lat="36.99794479779877" lon="128.8180501924788"><ele>0</ele><time></time></trkpt>
<trkpt lat="36.99807418886734" lon="128.8184005032748"><ele>0</ele><time></time></trkpt>
<trkpt lat="36.9978862599307" lon="128.8186955767954"><ele>0</ele><time></time></trkpt>
<trkpt lat="36.99756289111589" lon="128.8191520449047"><ele>0</ele><time></time></trkpt>
<trkpt lat="36.99758025128275" lon="128.8194276887146"><ele>0</ele><time></time></trkpt>
<trkpt lat="36.99786885107234" lon="128.8196538240816"><ele>0</ele><time></time></trkpt>
<trkpt lat="36.99801640199646" lon="128.8199794918561"><ele>0</ele><time></time></trkpt>
<trkpt lat="36.99829743470524" lon="128.8207441040581"><ele>0</ele><time></time></trkpt>
<trkpt lat="36.99819169666144" lon="128.8210751994361"><ele>0</ele><time></time></trkpt>
<trkpt lat="36.99797516159045" lon="128.8210718866683"><ele>0</ele><time></time></trkpt>
<trkpt lat="36.99761070519558" lon="128.8209725318971"><ele>0</ele><time></time></trkpt>
<trkpt lat="36.99693227368665" lon="128.8211472393714"><ele>0</ele><time></time></trkpt>
<trkpt lat="36.99685288110386" lon="128.8218615700509"><ele>0</ele><time></time></trkpt>
<trkpt lat="36.99674029504671" lon="128.8221949203141"><ele>0</ele><time></time></trkpt>
<trkpt lat="36.99681491439873" lon="128.8223819060305"><ele>0</ele><time></time></trkpt>
<trkpt lat="36.99684698793111" lon="128.8227400838037"><ele>0</ele><time></time></trkpt>
<trkpt lat="36.99669149974787" lon="128.8235522113391"><ele>0</ele><time></time></trkpt>
<trkpt lat="36.9961442690324" lon="128.8239747476628"><ele>0</ele><time></time></trkpt>
<trkpt lat="36.99596790126697" lon="128.8243220561552"><ele>0</ele><time></time></trkpt>
<trkpt lat="36.99588232128687" lon="128.8247758494057"><ele>0</ele><time></time></trkpt>
<trkpt lat="36.99576224280791" lon="128.8251550685622"><ele>0</ele><time></time></trkpt>
<trkpt lat="36.9957276400333" lon="128.8260376892364"><ele>0</ele><time></time></trkpt>
<trkpt lat="36.99573160288048" lon="128.826935826191"><ele>0</ele><time></time></trkpt>
<trkpt lat="36.99552901660836" lon="128.8275210946279"><ele>0</ele><time></time></trkpt>
<trkpt lat="36.99523240831279" lon="128.8281054146239"><ele>0</ele><time></time></trkpt>
<trkpt lat="36.9949528581236" lon="128.8285738951711"><ele>0</ele><time></time></trkpt>
<trkpt lat="36.99471411636291" lon="128.8293806055634"><ele>0</ele><time></time></trkpt>
<trkpt lat="36.99464128339414" lon="128.8302235297436"><ele>0</ele><time></time></trkpt>
<trkpt lat="36.99437707146264" lon="128.8312304836334"><ele>0</ele><time></time></trkpt>
<trkpt lat="36.99427757563147" lon="128.8322681175321"><ele>0</ele><time></time></trkpt>
<trkpt lat="36.99422057753627" lon="128.8327501868347"><ele>0</ele><time></time></trkpt>
<trkpt lat="36.99388284597179" lon="128.8326503638818"><ele>0</ele><time></time></trkpt>
<trkpt lat="36.99333056425219" lon="128.8327079657194"><ele>0</ele><time></time></trkpt>
<trkpt lat="36.99327923420106" lon="128.8327803956449"><ele>0</ele><time></time></trkpt>
<trkpt lat="36.99369295744245" lon="128.8333971367159"><ele>0</ele><time></time></trkpt>
<trkpt lat="36.99404115578945" lon="128.8344423365982"><ele>0</ele><time></time></trkpt>
<trkpt lat="36.99395710378869" lon="128.8347789648633"><ele>0</ele><time></time></trkpt>
<trkpt lat="36.99380363500205" lon="128.8352876150145"><ele>0</ele><time></time></trkpt>
<trkpt lat="36.99401478661164" lon="128.8362195475366"><ele>0</ele><time></time></trkpt>
<trkpt lat="36.99410384697592" lon="128.8367672187012"><ele>0</ele><time></time></trkpt>
<trkpt lat="36.99412352635777" lon="128.8372526937114"><ele>0</ele><time></time></trkpt>
<trkpt lat="36.99444644187874" lon="128.8381317132022"><ele>0</ele><time></time></trkpt>
<trkpt lat="36.99460695454334" lon="128.8385171368081"><ele>0</ele><time></time></trkpt>
<trkpt lat="36.99479750527517" lon="128.8387115760449"><ele>0</ele><time></time></trkpt>
<trkpt lat="36.99504547670487" lon="128.8392354168004"><ele>0</ele><time></time></trkpt>
<trkpt lat="36.99509018434811" lon="128.8408160780572"><ele>0</ele><time></time></trkpt>
<trkpt lat="36.99527075419978" lon="128.8433848591093"><ele>0</ele><time></time></trkpt>
<trkpt lat="36.99489327039321" lon="128.8439735198521"><ele>0</ele><time></time></trkpt>
<trkpt lat="36.99468332600421" lon="128.845414021"><ele>0</ele><time></time></trkpt>
<trkpt lat="36.9954109769517" lon="128.8472638729214"><ele>0</ele><time></time></trkpt>
<trkpt lat="36.9951870917138" lon="128.8487694060433"><ele>0</ele><time></time></trkpt>
<trkpt lat="36.99525766873838" lon="128.8501168990691"><ele>0</ele><time></time></trkpt>
<trkpt lat="36.99534744794629" lon="128.8515834980542"><ele>0</ele><time></time></trkpt>
<trkpt lat="36.99533582360732" lon="128.8527913553572"><ele>0</ele><time></time></trkpt>
<trkpt lat="36.99367582603272" lon="128.8544883418375"><ele>0</ele><time></time></trkpt>
<trkpt lat="36.99233996959401" lon="128.85597046575"><ele>0</ele><time></time></trkpt>
<trkpt lat="36.9922626192482" lon="128.8571665389049"><ele>0</ele><time></time></trkpt>
<trkpt lat="36.99157860127282" lon="128.858758824574"><ele>0</ele><time></time></trkpt>
<trkpt lat="36.99119701548638" lon="128.8603710686113"><ele>0</ele><time></time></trkpt>
<trkpt lat="36.9902804309543" lon="128.8616055255505"><ele>0</ele><time></time></trkpt>
<trkpt lat="36.98908865628603" lon="128.8631626412258"><ele>0</ele><time></time></trkpt>
<trkpt lat="36.98792547363955" lon="128.8651970919169"><ele>0</ele><time></time></trkpt>
<trkpt lat="36.9870464126127" lon="128.8671220663671"><ele>0</ele><time></time></trkpt>
<trkpt lat="36.98655225680183" lon="128.8687816128371"><ele>0</ele><time></time></trkpt>
<trkpt lat="36.98583576718379" lon="128.8700950125578"><ele>0</ele><time></time></trkpt>
<trkpt lat="36.98551723127134" lon="128.8718258624015"><ele>0</ele><time></time></trkpt>
</trkseg>
</trk>
<trk>
<name></name>
<trkseg>
<trkpt lat="36.98520565920076" lon="128.8730625071215"><ele>0</ele><time></time></trkpt>
<trkpt lat="36.98473865511927" lon="128.8736189684354"><ele>0</ele><time></time></trkpt>
<trkpt lat="36.98278867330537" lon="128.8732276466719"><ele>0</ele><time></time></trkpt>
<trkpt lat="36.98126645671028" lon="128.8747559453989"><ele>0</ele><time></time></trkpt>
<trkpt lat="36.98057842833021" lon="128.8768037496539"><ele>0</ele><time></time></trkpt>
<trkpt lat="36.97991207333279" lon="128.8789738560416"><ele>0</ele><time></time></trkpt>
<trkpt lat="36.97929918830494" lon="128.8812990959256"><ele>0</ele><time></time></trkpt>
<trkpt lat="36.97894938816201" lon="128.8840672360516"><ele>0</ele><time></time></trkpt>
<trkpt lat="36.97810637837595" lon="128.8859498568069"><ele>0</ele><time></time></trkpt>
<trkpt lat="36.97788895779813" lon="128.8853692336922"><ele>0</ele><time></time></trkpt>
<trkpt lat="36.97847561384943" lon="128.8830739183734"><ele>0</ele><time></time></trkpt>
<trkpt lat="36.97832471138439" lon="128.8813484139545"><ele>0</ele><time></time></trkpt>
<trkpt lat="36.9778685306474" lon="128.8811076792038"><ele>0</ele><time></time></trkpt>
<trkpt lat="36.97773203871173" lon="128.8814088244027"><ele>0</ele><time></time></trkpt>
<trkpt lat="36.97749274738505" lon="128.8822042913948"><ele>0</ele><time></time></trkpt>
<trkpt lat="36.97697016646588" lon="128.882940712909"><ele>0</ele><time></time></trkpt>
<trkpt lat="36.97632512884687" lon="128.8826693961791"><ele>0</ele><time></time></trkpt>
<trkpt lat="36.97555225511722" lon="128.8827071707664"><ele>0</ele><time></time></trkpt>
<trkpt lat="36.97488593886901" lon="128.8829526282356"><ele>0</ele><time></time></trkpt>
<trkpt lat="36.97446682491918" lon="128.8833719503763"><ele>0</ele><time></time></trkpt>
<trkpt lat="36.97340121439743" lon="128.8832252447125"><ele>0</ele><time></time></trkpt>
<trkpt lat="36.97240024766818" lon="128.8828012068328"><ele>0</ele><time></time></trkpt>
<trkpt lat="36.9710496911422" lon="128.8822525416089"><ele>0</ele><time></time></trkpt>
<trkpt lat="36.97007552975236" lon="128.8829084049976"><ele>0</ele><time></time></trkpt>
<trkpt lat="36.96909168486525" lon="128.8834637243422"><ele>0</ele><time></time></trkpt>
<trkpt lat="36.96811712421079" lon="128.8842775609465"><ele>0</ele><time></time></trkpt>
<trkpt lat="36.96671597764206" lon="128.8845458200657"><ele>0</ele><time></time></trkpt>
<trkpt lat="36.9650491854621" lon="128.8849966409114"><ele>0</ele><time></time></trkpt>
<trkpt lat="36.9639355701995" lon="128.8857848977018"><ele>0</ele><time></time></trkpt>
<trkpt lat="36.96287566870832" lon="128.8870211894396"><ele>0</ele><time></time></trkpt>
<trkpt lat="36.96326112764233" lon="128.8884392390086"><ele>0</ele><time></time></trkpt>
<trkpt lat="36.96385140889721" lon="128.8894208739353"><ele>0</ele><time></time></trkpt>
<trkpt lat="36.96272863372489" lon="128.8894104492245"><ele>0</ele><time></time></trkpt>
<trkpt lat="36.96169113085715" lon="128.8899921285383"><ele>0</ele><time></time></trkpt>
<trkpt lat="36.96070641364279" lon="128.8899088662083"><ele>0</ele><time></time></trkpt>
<trkpt lat="36.95943583348338" lon="128.8892561391925"><ele>0</ele><time></time></trkpt>
<trkpt lat="36.95723784443685" lon="128.8909088758674"><ele>0</ele><time></time></trkpt>
<trkpt lat="36.95604201734243" lon="128.8925086779213"><ele>0</ele><time></time></trkpt>
<trkpt lat="36.95505845220529" lon="128.8932701451271"><ele>0</ele><time></time></trkpt>
<trkpt lat="36.95280877409401" lon="128.894987100631"><ele>0</ele><time></time></trkpt>
<trkpt lat="36.95205877898407" lon="128.8972550917853"><ele>0</ele><time></time></trkpt>
<trkpt lat="36.95095502223536" lon="128.8999352847931"><ele>0</ele><time></time></trkpt>
<trkpt lat="36.95369038872139" lon="128.9002424854806"><ele>0</ele><time></time></trkpt>
<trkpt lat="36.95460565298733" lon="128.9032772216028"><ele>0</ele><time></time></trkpt>
<trkpt lat="36.95374606683383" lon="128.9063624983609"><ele>0</ele><time></time></trkpt>
<trkpt lat="36.95229828623359" lon="128.9094913463945"><ele>0</ele><time></time></trkpt>
<trkpt lat="36.95004880490693" lon="128.9114610992709"><ele>0</ele><time></time></trkpt>
<trkpt lat="36.94804074149974" lon="128.9134297017248"><ele>0</ele><time></time></trkpt>
<trkpt lat="36.9460104721053" lon="128.9142832593612"><ele>0</ele><time></time></trkpt>
<trkpt lat="36.94563180564383" lon="128.912636634961"><ele>0</ele><time></time></trkpt>
<trkpt lat="36.94474242422284" lon="128.9123213838113"><ele>0</ele><time></time></trkpt>
<trkpt lat="36.94321760062901" lon="128.9125593523167"><ele>0</ele><time></time></trkpt>
<trkpt lat="36.94300533322468" lon="128.9146105733501"><ele>0</ele><time></time></trkpt>
<trkpt lat="36.94130710210599" lon="128.9144583696631"><ele>0</ele><time></time></trkpt>
<trkpt lat="36.93972311250918" lon="128.9145462663788"><ele>0</ele><time></time></trkpt>
<trkpt lat="36.93861531502223" lon="128.9143474070356"><ele>0</ele><time></time></trkpt>
<trkpt lat="36.93825946327745" lon="128.9145970896693"><ele>0</ele><time></time></trkpt>
<trkpt lat="36.93702731639776" lon="128.9140888221983"><ele>0</ele><time></time></trkpt>
<trkpt lat="36.93587076079687" lon="128.9138250424618"><ele>0</ele><time></time></trkpt>
<trkpt lat="36.93556013189686" lon="128.9146768468046"><ele>0</ele><time></time></trkpt>
</trkseg>
</trk>
<trk>
<name></name>
<trkseg>
<trkpt lat="36.93524513727456" lon="128.9152772493655"><ele>0</ele><time></time></trkpt>
<trkpt lat="36.93632162871347" lon="128.9159380186838"><ele>0</ele><time></time></trkpt>
<trkpt lat="36.93634067518771" lon="128.9170262149499"><ele>0</ele><time></time></trkpt>
<trkpt lat="36.93617392942443" lon="128.9181325095375"><ele>0</ele><time></time></trkpt>
<trkpt lat="36.93627899219392" lon="128.9192018384093"><ele>0</ele><time></time></trkpt>
<trkpt lat="36.93679891936016" lon="128.9196283902249"><ele>0</ele><time></time></trkpt>
<trkpt lat="36.93793683107469" lon="128.919553084605"><ele>0</ele><time></time></trkpt>
<trkpt lat="36.93853790090292" lon="128.919544585037"><ele>0</ele><time></time></trkpt>
<trkpt lat="36.93949873748522" lon="128.9199048048983"><ele>0</ele><time></time></trkpt>
<trkpt lat="36.93893026942927" lon="128.9206208225533"><ele>0</ele><time></time></trkpt>
<trkpt lat="36.93851493036073" lon="128.9213361178826"><ele>0</ele><time></time></trkpt>
<trkpt lat="36.93919978095857" lon="128.9219248337834"><ele>0</ele><time></time></trkpt>
<trkpt lat="36.93966423698988" lon="128.9226138500656"><ele>0</ele><time></time></trkpt>
<trkpt lat="36.94013287337554" lon="128.9233217928835"><ele>0</ele><time></time></trkpt>
<trkpt lat="36.94081572994283" lon="128.9240751766749"><ele>0</ele><time></time></trkpt>
<trkpt lat="36.94127858488684" lon="128.9247487931921"><ele>0</ele><time></time></trkpt>
<trkpt lat="36.94164812584999" lon="128.9255116736508"><ele>0</ele><time></time></trkpt>
<trkpt lat="36.94211040974651" lon="128.9262802409759"><ele>0</ele><time></time></trkpt>
<trkpt lat="36.94265802798123" lon="128.9273373013816"><ele>0</ele><time></time></trkpt>
<trkpt lat="36.94321202084082" lon="128.9278799622072"><ele>0</ele><time></time></trkpt>
<trkpt lat="36.94371883292768" lon="128.9286172247864"><ele>0</ele><time></time></trkpt>
<trkpt lat="36.94418587028203" lon="128.9294722384644"><ele>0</ele><time></time></trkpt>
<trkpt lat="36.94468600627381" lon="128.9302387848093"><ele>0</ele><time></time></trkpt>
<trkpt lat="36.9451378906574" lon="128.930633760983"><ele>0</ele><time></time></trkpt>
<trkpt lat="36.94553738600285" lon="128.9316747732656"><ele>0</ele><time></time></trkpt>
<trkpt lat="36.94602595298975" lon="128.9324296404211"><ele>0</ele><time></time></trkpt>
<trkpt lat="36.94639039128386" lon="128.9333839832555"><ele>0</ele><time></time></trkpt>
<trkpt lat="36.94614681768181" lon="128.9342083234025"><ele>0</ele><time></time></trkpt>
<trkpt lat="36.9460336443001" lon="128.9349269848841"><ele>0</ele><time></time></trkpt>
<trkpt lat="36.945583247149" lon="128.9353245195458"><ele>0</ele><time></time></trkpt>
<trkpt lat="36.94500282323455" lon="128.9357590138494"><ele>0</ele><time></time></trkpt>
<trkpt lat="36.94469021612328" lon="128.9362849434439"><ele>0</ele><time></time></trkpt>
<trkpt lat="36.94499970971851" lon="128.936688224432"><ele>0</ele><time></time></trkpt>
<trkpt lat="36.94418084000783" lon="128.9374811970155"><ele>0</ele><time></time></trkpt>
<trkpt lat="36.94299469646684" lon="128.93675797176"><ele>0</ele><time></time></trkpt>
<trkpt lat="36.94251049207826" lon="128.9371813963908"><ele>0</ele><time></time></trkpt>
<trkpt lat="36.94285951731126" lon="128.9385104549417"><ele>0</ele><time></time></trkpt>
<trkpt lat="36.94305544433925" lon="128.9401717177732"><ele>0</ele><time></time></trkpt>
<trkpt lat="36.94202789943289" lon="128.9413816920604"><ele>0</ele><time></time></trkpt>
<trkpt lat="36.94127405245457" lon="128.9424949513187"><ele>0</ele><time></time></trkpt>
<trkpt lat="36.94084083822724" lon="128.9439570910135"><ele>0</ele><time></time></trkpt>
<trkpt lat="36.94055664685265" lon="128.9450108773917"><ele>0</ele><time></time></trkpt>
<trkpt lat="36.94026223275362" lon="128.946002339346"><ele>0</ele><time></time></trkpt>
<trkpt lat="36.9396341704453" lon="128.9470448396683"><ele>0</ele><time></time></trkpt>
<trkpt lat="36.93930072676404" lon="128.9485113235753"><ele>0</ele><time></time></trkpt>
<trkpt lat="36.93955717019897" lon="128.9495602388287"><ele>0</ele><time></time></trkpt>
<trkpt lat="36.93999266404875" lon="128.9508779532612"><ele>0</ele><time></time></trkpt>
<trkpt lat="36.93954038542136" lon="128.9514232704442"><ele>0</ele><time></time></trkpt>
<trkpt lat="36.93947313365268" lon="128.9524196134904"><ele>0</ele><time></time></trkpt>
<trkpt lat="36.94009048291024" lon="128.9530104114539"><ele>0</ele><time></time></trkpt>
<trkpt lat="36.94072359919652" lon="128.9536253819256"><ele>0</ele><time></time></trkpt>
<trkpt lat="36.9405866061315" lon="128.9541306279333"><ele>0</ele><time></time></trkpt>
<trkpt lat="36.94124278296314" lon="128.9551901004731"><ele>0</ele><time></time></trkpt>
<trkpt lat="36.94188890612779" lon="128.9557457345404"><ele>0</ele><time></time></trkpt>
<trkpt lat="36.94241970901907" lon="128.9560088173372"><ele>0</ele><time></time></trkpt>
<trkpt lat="36.94328447808567" lon="128.9564913960648"><ele>0</ele><time></time></trkpt>
<trkpt lat="36.94417431449102" lon="128.9565775578404"><ele>0</ele><time></time></trkpt>
<trkpt lat="36.94426554312755" lon="128.9573977866354"><ele>0</ele><time></time></trkpt>
<trkpt lat="36.94401955023669" lon="128.958341896835"><ele>0</ele><time></time></trkpt>
<trkpt lat="36.94383115841355" lon="128.9591063632121"><ele>0</ele><time></time></trkpt>
<trkpt lat="36.94420365421719" lon="128.959771779803"><ele>0</ele><time></time></trkpt>
<trkpt lat="36.94466457640873" lon="128.9602496853801"><ele>0</ele><time></time></trkpt>
<trkpt lat="36.94428509730287" lon="128.9613980362665"><ele>0</ele><time></time></trkpt>
<trkpt lat="36.94427739350647" lon="128.9630369392282"><ele>0</ele><time></time></trkpt>
<trkpt lat="36.94454193070869" lon="128.9640166024936"><ele>0</ele><time></time></trkpt>
<trkpt lat="36.94528297759631" lon="128.965021744364"><ele>0</ele><time></time></trkpt>
<trkpt lat="36.94665293332384" lon="128.9648001042698"><ele>0</ele><time></time></trkpt>
<trkpt lat="36.94727367104279" lon="128.9638908027073"><ele>0</ele><time></time></trkpt>
<trkpt lat="36.9483309747953" lon="128.9643567023176"><ele>0</ele><time></time></trkpt>
<trkpt lat="36.94884040789672" lon="128.9641411236527"><ele>0</ele><time></time></trkpt>
<trkpt lat="36.94989652327128" lon="128.9633325999372"><ele>0</ele><time></time></trkpt>
<trkpt lat="36.9501035095173" lon="128.9642674389896"><ele>0</ele><time></time></trkpt>
<trkpt lat="36.94947006369638" lon="128.9667048547121"><ele>0</ele><time></time></trkpt>
<trkpt lat="36.94899471205402" lon="128.9698696961333"><ele>0</ele><time></time></trkpt>
<trkpt lat="36.94906728303368" lon="128.9721347583676"><ele>0</ele><time></time></trkpt>
<trkpt lat="36.94864550790242" lon="128.9744743150844"><ele>0</ele><time></time></trkpt>
<trkpt lat="36.94795933325656" lon="128.9759404182719"><ele>0</ele><time></time></trkpt>
<trkpt lat="36.94767709778312" lon="128.9781288975922"><ele>0</ele><time></time></trkpt>
<trkpt lat="36.94739593008744" lon="128.9801225043894"><ele>0</ele><time></time></trkpt>
<trkpt lat="36.94741626946011" lon="128.9832664028844"><ele>0</ele><time></time></trkpt>
<trkpt lat="36.94683076219683" lon="128.9855985702067"><ele>0</ele><time></time></trkpt>
<trkpt lat="36.94574560796248" lon="128.987568704687"><ele>0</ele><time></time></trkpt>
<trkpt lat="36.94500404376132" lon="128.9902527272081"><ele>0</ele><time></time></trkpt>
<trkpt lat="36.94495316596174" lon="128.9931987126487"><ele>0</ele><time></time></trkpt>
<trkpt lat="36.94636249209837" lon="128.9953416936318"><ele>0</ele><time></time></trkpt>
<trkpt lat="36.94606850457245" lon="128.9967633677298"><ele>0</ele><time></time></trkpt>
<trkpt lat="36.94410787406319" lon="128.9991952751067"><ele>0</ele><time></time></trkpt>
<trkpt lat="36.94253720931964" lon="128.9997637122194"><ele>0</ele><time></time></trkpt>
<trkpt lat="36.9419246045345" lon="129.0005402333452"><ele>0</ele><time></time></trkpt>
<trkpt lat="36.9413423905229" lon="129.0006479074092"><ele>0</ele><time></time></trkpt>
</trkseg>
</trk>
<trk>
<name></name>
<trkseg>
<trkpt lat="36.94087074875561" lon="129.0008296708863"><ele>0</ele><time></time></trkpt>
<trkpt lat="36.93901946306663" lon="129.0017824258324"><ele>0</ele><time></time></trkpt>
<trkpt lat="36.93730408115823" lon="129.0040261614142"><ele>0</ele><time></time></trkpt>
<trkpt lat="36.93590885116856" lon="129.0061544934911"><ele>0</ele><time></time></trkpt>
<trkpt lat="36.93498446258549" lon="129.0075282390085"><ele>0</ele><time></time></trkpt>
<trkpt lat="36.93324912003619" lon="129.0077207412485"><ele>0</ele><time></time></trkpt>
<trkpt lat="36.93148244303218" lon="129.0063708358601"><ele>0</ele><time></time></trkpt>
<trkpt lat="36.92990095523986" lon="129.0080694273217"><ele>0</ele><time></time></trkpt>
<trkpt lat="36.92976545658843" lon="129.0100845160408"><ele>0</ele><time></time></trkpt>
<trkpt lat="36.93118988944842" lon="129.0086501402303"><ele>0</ele><time></time></trkpt>
<trkpt lat="36.93266460378754" lon="129.0081169399213"><ele>0</ele><time></time></trkpt>
<trkpt lat="36.93296065099442" lon="129.009563346433"><ele>0</ele><time></time></trkpt>
<trkpt lat="36.93186774060283" lon="129.0110984336911"><ele>0</ele><time></time></trkpt>
<trkpt lat="36.93379933623475" lon="129.0106345719945"><ele>0</ele><time></time></trkpt>
<trkpt lat="36.93546044809806" lon="129.0113383679174"><ele>0</ele><time></time></trkpt>
<trkpt lat="36.93720184683694" lon="129.0125033394415"><ele>0</ele><time></time></trkpt>
<trkpt lat="36.93847538159595" lon="129.0135563252526"><ele>0</ele><time></time></trkpt>
<trkpt lat="36.94051361827702" lon="129.0140810544478"><ele>0</ele><time></time></trkpt>
<trkpt lat="36.94211923700208" lon="129.0141757957177"><ele>0</ele><time></time></trkpt>
<trkpt lat="36.94396750945528" lon="129.0142844582444"><ele>0</ele><time></time></trkpt>
<trkpt lat="36.94502049907179" lon="129.0151372878793"><ele>0</ele><time></time></trkpt>
<trkpt lat="36.94430014239352" lon="129.0172274785589"><ele>0</ele><time></time></trkpt>
<trkpt lat="36.94403908206652" lon="129.0197958855999"><ele>0</ele><time></time></trkpt>
<trkpt lat="36.94385419504987" lon="129.0215226436918"><ele>0</ele><time></time></trkpt>
<trkpt lat="36.94563026288235" lon="129.0241573964696"><ele>0</ele><time></time></trkpt>
<trkpt lat="36.94886205519943" lon="129.0245296643305"><ele>0</ele><time></time></trkpt>
<trkpt lat="36.94988185672558" lon="129.0281640054185"><ele>0</ele><time></time></trkpt>
<trkpt lat="36.95184336529343" lon="129.0313254455653"><ele>0</ele><time></time></trkpt>
<trkpt lat="36.95307404334194" lon="129.0348775964633"><ele>0</ele><time></time></trkpt>
<trkpt lat="36.95455062260068" lon="129.0384577004258"><ele>0</ele><time></time></trkpt>
<trkpt lat="36.95667448179547" lon="129.0400259008899"><ele>0</ele><time></time></trkpt>
<trkpt lat="36.95755292379557" lon="129.0413405864839"><ele>0</ele><time></time></trkpt>
<trkpt lat="36.95783888854969" lon="129.0426080058985"><ele>0</ele><time></time></trkpt>
<trkpt lat="36.95823169237224" lon="129.0440546281872"><ele>0</ele><time></time></trkpt>
<trkpt lat="36.95860118600725" lon="129.0457116823738"><ele>0</ele><time></time></trkpt>
<trkpt lat="36.95900648179282" lon="129.0476499530005"><ele>0</ele><time></time></trkpt>
<trkpt lat="36.95852971629462" lon="129.0486293732181"><ele>0</ele><time></time></trkpt>
<trkpt lat="36.95840685576475" lon="129.0488029497014"><ele>0</ele><time></time></trkpt>
<trkpt lat="36.95753005349352" lon="129.0487295553518"><ele>0</ele><time></time></trkpt>
<trkpt lat="36.95805339565417" lon="129.0476087366056"><ele>0</ele><time></time></trkpt>
<trkpt lat="36.95703594915404" lon="129.0476704508533"><ele>0</ele><time></time></trkpt>
<trkpt lat="36.95581607471558" lon="129.0483113131652"><ele>0</ele><time></time></trkpt>
<trkpt lat="36.95464345967959" lon="129.0483381316257"><ele>0</ele><time></time></trkpt>
<trkpt lat="36.9547952600724" lon="129.0489473904683"><ele>0</ele><time></time></trkpt>
<trkpt lat="36.95368209033305" lon="129.0491070512415"><ele>0</ele><time></time></trkpt>
<trkpt lat="36.95330389583426" lon="129.0476333403487"><ele>0</ele><time></time></trkpt>
<trkpt lat="36.95266090195196" lon="129.0468834758381"><ele>0</ele><time></time></trkpt>
<trkpt lat="36.95206294468666" lon="129.0461519018736"><ele>0</ele><time></time></trkpt>
<trkpt lat="36.95161164240495" lon="129.0464795443338"><ele>0</ele><time></time></trkpt>
<trkpt lat="36.951419361982" lon="129.0468377448398"><ele>0</ele><time></time></trkpt>
<trkpt lat="36.94949664129802" lon="129.046573664358"><ele>0</ele><time></time></trkpt>
<trkpt lat="36.94830460377001" lon="129.046810057127"><ele>0</ele><time></time></trkpt>
<trkpt lat="36.94763660440299" lon="129.0463881294664"><ele>0</ele><time></time></trkpt>
<trkpt lat="36.94739403752261" lon="129.0454361326907"><ele>0</ele><time></time></trkpt>
<trkpt lat="36.94695708738654" lon="129.0445621658275"><ele>0</ele><time></time></trkpt>
<trkpt lat="36.94713355852684" lon="129.0434687249591"><ele>0</ele><time></time></trkpt>
<trkpt lat="36.94656936516877" lon="129.0427849687009"><ele>0</ele><time></time></trkpt>
<trkpt lat="36.94766564404153" lon="129.042641133951"><ele>0</ele><time></time></trkpt>
<trkpt lat="36.94858026047471" lon="129.0422423320427"><ele>0</ele><time></time></trkpt>
<trkpt lat="36.94944253583479" lon="129.0422576067742"><ele>0</ele><time></time></trkpt>
<trkpt lat="36.949299065471" lon="129.0415551505511"><ele>0</ele><time></time></trkpt>
<trkpt lat="36.94880359551394" lon="129.0413705373923"><ele>0</ele><time></time></trkpt>
<trkpt lat="36.94805561685485" lon="129.0407909440261"><ele>0</ele><time></time></trkpt>
<trkpt lat="36.9482999133761" lon="129.040496127908"><ele>0</ele><time></time></trkpt>
<trkpt lat="36.94702719650273" lon="129.0403769533037"><ele>0</ele><time></time></trkpt>
<trkpt lat="36.94678226717515" lon="129.0398818563802"><ele>0</ele><time></time></trkpt>
<trkpt lat="36.94643933289654" lon="129.03913261682"><ele>0</ele><time></time></trkpt>
<trkpt lat="36.94555483098083" lon="129.0393644230061"><ele>0</ele><time></time></trkpt>
<trkpt lat="36.94411373315683" lon="129.0396057530982"><ele>0</ele><time></time></trkpt>
<trkpt lat="36.94300423091827" lon="129.0405267346596"><ele>0</ele><time></time></trkpt>
<trkpt lat="36.94224848656517" lon="129.0417670071491"><ele>0</ele><time></time></trkpt>
<trkpt lat="36.94145711295106" lon="129.0437442971117"><ele>0</ele><time></time></trkpt>
<trkpt lat="36.94063177358808" lon="129.0448294717927"><ele>0</ele><time></time></trkpt>
<trkpt lat="36.94039459522317" lon="129.046090906657"><ele>0</ele><time></time></trkpt>
<trkpt lat="36.94034977842922" lon="129.0477784018975"><ele>0</ele><time></time></trkpt>
<trkpt lat="36.94046574119245" lon="129.0500431734799"><ele>0</ele><time></time></trkpt>
<trkpt lat="36.94048170340048" lon="129.0517806923901"><ele>0</ele><time></time></trkpt>
<trkpt lat="36.93895384655472" lon="129.0522282041188"><ele>0</ele><time></time></trkpt>
<trkpt lat="36.93772766750995" lon="129.0519678199097"><ele>0</ele><time></time></trkpt>
<trkpt lat="36.93603234098426" lon="129.0515245306123"><ele>0</ele><time></time></trkpt>
<trkpt lat="36.93411424895781" lon="129.0502851933752"><ele>0</ele><time></time></trkpt>
<trkpt lat="36.93230403482522" lon="129.0507342499501"><ele>0</ele><time></time></trkpt>
<trkpt lat="36.9312642299192" lon="129.0522044258402"><ele>0</ele><time></time></trkpt>
<trkpt lat="36.93094471919068" lon="129.0530604501019"><ele>0</ele><time></time></trkpt>
<trkpt lat="36.93117015584479" lon="129.0534814918297"><ele>0</ele><time></time></trkpt>
<trkpt lat="36.9313370253538" lon="129.0544131270398"><ele>0</ele><time></time></trkpt>
<trkpt lat="36.93147681149838" lon="129.0554403522812"><ele>0</ele><time></time></trkpt>
<trkpt lat="36.93160996671635" lon="129.056371274859"><ele>0</ele><time></time></trkpt>
<trkpt lat="36.93177566527523" lon="129.057240416057"><ele>0</ele><time></time></trkpt>
<trkpt lat="36.93209561915262" lon="129.0580749107928"><ele>0</ele><time></time></trkpt>
</trkseg>
</trk>
<trk>
<name></name>
<trkseg>
<trkpt lat="36.93219512385517" lon="129.0585513266967"><ele>0</ele><time></time></trkpt>
<trkpt lat="36.93292457929778" lon="129.0591830608262"><ele>0</ele><time></time></trkpt>
<trkpt lat="36.93373067147031" lon="129.0604289975857"><ele>0</ele><time></time></trkpt>
<trkpt lat="36.9345725722883" lon="129.0614247986214"><ele>0</ele><time></time></trkpt>
<trkpt lat="36.9356509357332" lon="129.0619486155326"><ele>0</ele><time></time></trkpt>
<trkpt lat="36.93697778493451" lon="129.0616689103747"><ele>0</ele><time></time></trkpt>
<trkpt lat="36.93808683726772" lon="129.061252504598"><ele>0</ele><time></time></trkpt>
<trkpt lat="36.9390738756589" lon="129.0611258561278"><ele>0</ele><time></time></trkpt>
<trkpt lat="36.9402237072022" lon="129.0610852539028"><ele>0</ele><time></time></trkpt>
<trkpt lat="36.94149401444683" lon="129.0607508131263"><ele>0</ele><time></time></trkpt>
<trkpt lat="36.94280199314334" lon="129.0607214663143"><ele>0</ele><time></time></trkpt>
<trkpt lat="36.94416002358612" lon="129.0606547756485"><ele>0</ele><time></time></trkpt>
<trkpt lat="36.94521144073363" lon="129.0614110075751"><ele>0</ele><time></time></trkpt>
<trkpt lat="36.94613579424365" lon="129.0607203949656"><ele>0</ele><time></time></trkpt>
<trkpt lat="36.94802102332237" lon="129.060179384584"><ele>0</ele><time></time></trkpt>
<trkpt lat="36.95009716518923" lon="129.0601734910599"><ele>0</ele><time></time></trkpt>
<trkpt lat="36.95060914485641" lon="129.0600079773104"><ele>0</ele><time></time></trkpt>
<trkpt lat="36.95104709068034" lon="129.0598892330167"><ele>0</ele><time></time></trkpt>
<trkpt lat="36.95118416823745" lon="129.0607377025286"><ele>0</ele><time></time></trkpt>
<trkpt lat="36.95106371183843" lon="129.0616380050521"><ele>0</ele><time></time></trkpt>
<trkpt lat="36.95106124047024" lon="129.062476069547"><ele>0</ele><time></time></trkpt>
<trkpt lat="36.95055281416543" lon="129.0642872913533"><ele>0</ele><time></time></trkpt>
<trkpt lat="36.95021274340883" lon="129.0667847900154"><ele>0</ele><time></time></trkpt>
<trkpt lat="36.94991225409472" lon="129.0685745204371"><ele>0</ele><time></time></trkpt>
<trkpt lat="36.95199265594866" lon="129.0690303007077"><ele>0</ele><time></time></trkpt>
<trkpt lat="36.9551664839052" lon="129.0695065949464"><ele>0</ele><time></time></trkpt>
<trkpt lat="36.95681371446191" lon="129.0686987519163"><ele>0</ele><time></time></trkpt>
<trkpt lat="36.95813617572381" lon="129.0683019314935"><ele>0</ele><time></time></trkpt>
<trkpt lat="36.9596414219354" lon="129.0672458519717"><ele>0</ele><time></time></trkpt>
<trkpt lat="36.96093098616389" lon="129.0664863357834"><ele>0</ele><time></time></trkpt>
<trkpt lat="36.96212484290583" lon="129.0666521194897"><ele>0</ele><time></time></trkpt>
<trkpt lat="36.96310196716162" lon="129.0672612972511"><ele>0</ele><time></time></trkpt>
<trkpt lat="36.96397846669821" lon="129.0668717444273"><ele>0</ele><time></time></trkpt>
<trkpt lat="36.96496133468229" lon="129.066413197247"><ele>0</ele><time></time></trkpt>
<trkpt lat="36.96573337512915" lon="129.0661505974671"><ele>0</ele><time></time></trkpt>
<trkpt lat="36.96638378035366" lon="129.0661825818805"><ele>0</ele><time></time></trkpt>
<trkpt lat="36.96678695158822" lon="129.0657233412555"><ele>0</ele><time></time></trkpt>
<trkpt lat="36.96757127302457" lon="129.065807380305"><ele>0</ele><time></time></trkpt>
<trkpt lat="36.96848666217846" lon="129.0658023653862"><ele>0</ele><time></time></trkpt>
<trkpt lat="36.96936423438848" lon="129.0654712708265"><ele>0</ele><time></time></trkpt>
<trkpt lat="36.97003117445285" lon="129.0654249558949"><ele>0</ele><time></time></trkpt>
<trkpt lat="36.97074981684824" lon="129.0651060455932"><ele>0</ele><time></time></trkpt>
<trkpt lat="36.97158201578968" lon="129.0650511487924"><ele>0</ele><time></time></trkpt>
<trkpt lat="36.97209841595427" lon="129.0655049884332"><ele>0</ele><time></time></trkpt>
<trkpt lat="36.97256653831459" lon="129.0657173827612"><ele>0</ele><time></time></trkpt>
<trkpt lat="36.9733593710702" lon="129.0659113148271"><ele>0</ele><time></time></trkpt>
<trkpt lat="36.97413017120623" lon="129.0662734624476"><ele>0</ele><time></time></trkpt>
<trkpt lat="36.97472161612235" lon="129.066729788188"><ele>0</ele><time></time></trkpt>
<trkpt lat="36.97541078766239" lon="129.0668602849637"><ele>0</ele><time></time></trkpt>
<trkpt lat="36.9760600691092" lon="129.067128526529"><ele>0</ele><time></time></trkpt>
<trkpt lat="36.97632288003278" lon="129.0669336739929"><ele>0</ele><time></time></trkpt>
<trkpt lat="36.97660542405976" lon="129.0666645151306"><ele>0</ele><time></time></trkpt>
<trkpt lat="36.97692404520758" lon="129.0669837873042"><ele>0</ele><time></time></trkpt>
<trkpt lat="36.97741086157971" lon="129.0672418141389"><ele>0</ele><time></time></trkpt>
<trkpt lat="36.97813058986021" lon="129.0671443082842"><ele>0</ele><time></time></trkpt>
<trkpt lat="36.9786123591466" lon="129.0668549517859"><ele>0</ele><time></time></trkpt>
<trkpt lat="36.97910269712745" lon="129.0664887454844"><ele>0</ele><time></time></trkpt>
<trkpt lat="36.97925467100566" lon="129.0672496142179"><ele>0</ele><time></time></trkpt>
<trkpt lat="36.97981575461335" lon="129.0671150569175"><ele>0</ele><time></time></trkpt>
<trkpt lat="36.98040501460587" lon="129.0674825498519"><ele>0</ele><time></time></trkpt>
<trkpt lat="36.98071629793974" lon="129.0675671366215"><ele>0</ele><time></time></trkpt>
<trkpt lat="36.98213781989565" lon="129.0677453081016"><ele>0</ele><time></time></trkpt>
<trkpt lat="36.9836005478837" lon="129.0683078732833"><ele>0</ele><time></time></trkpt>
<trkpt lat="36.98484800621617" lon="129.0695733312106"><ele>0</ele><time></time></trkpt>
<trkpt lat="36.98594736186428" lon="129.070462903766"><ele>0</ele><time></time></trkpt>
<trkpt lat="36.9872367805119" lon="129.0711833176989"><ele>0</ele><time></time></trkpt>
<trkpt lat="36.98786882093614" lon="129.0724441724846"><ele>0</ele><time></time></trkpt>
<trkpt lat="36.9885183190049" lon="129.0743101373545"><ele>0</ele><time></time></trkpt>
<trkpt lat="36.98864176715745" lon="129.0761370564735"><ele>0</ele><time></time></trkpt>
<trkpt lat="36.98884975212174" lon="129.0781810010959"><ele>0</ele><time></time></trkpt>
<trkpt lat="36.98930673626111" lon="129.0801347826588"><ele>0</ele><time></time></trkpt>
<trkpt lat="36.98980031778592" lon="129.0819525222704"><ele>0</ele><time></time></trkpt>
<trkpt lat="36.99053128981242" lon="129.0831070015554"><ele>0</ele><time></time></trkpt>
<trkpt lat="36.99112752747531" lon="129.0835862654834"><ele>0</ele><time></time></trkpt>
<trkpt lat="36.9914612939337" lon="129.0839954409047"><ele>0</ele><time></time></trkpt>
<trkpt lat="36.99186937900424" lon="129.0850108934954"><ele>0</ele><time></time></trkpt>
<trkpt lat="36.99226917276713" lon="129.0872430633275"><ele>0</ele><time></time></trkpt>
<trkpt lat="36.99355849502497" lon="129.0884981442767"><ele>0</ele><time></time></trkpt>
<trkpt lat="36.99484342230994" lon="129.0886075821531"><ele>0</ele><time></time></trkpt>
<trkpt lat="36.99586919699598" lon="129.0891784588798"><ele>0</ele><time></time></trkpt>
<trkpt lat="36.99757582701795" lon="129.0898828922186"><ele>0</ele><time></time></trkpt>
<trkpt lat="36.9975802543909" lon="129.091380806097"><ele>0</ele><time></time></trkpt>
<trkpt lat="36.99594266355057" lon="129.0922194245977"><ele>0</ele><time></time></trkpt>
<trkpt lat="36.99441734268991" lon="129.0928268659925"><ele>0</ele><time></time></trkpt>
<trkpt lat="36.99222736182418" lon="129.0928505494641"><ele>0</ele><time></time></trkpt>
<trkpt lat="36.99027491757407" lon="129.0929443535314"><ele>0</ele><time></time></trkpt>
<trkpt lat="36.98870064256348" lon="129.0926615668576"><ele>0</ele><time></time></trkpt>
<trkpt lat="36.98730638424615" lon="129.0906958699732"><ele>0</ele><time></time></trkpt>
<trkpt lat="36.98556676812481" lon="129.0900936233795"><ele>0</ele><time></time></trkpt>
<trkpt lat="36.98388578491326" lon="129.0903166154035"><ele>0</ele><time></time></trkpt>
<trkpt lat="36.98359912599585" lon="129.0904492197611"><ele>0</ele><time></time></trkpt>
<trkpt lat="36.98295398502673" lon="129.0911036103466"><ele>0</ele><time></time></trkpt>
<trkpt lat="36.98177481206893" lon="129.0921147115469"><ele>0</ele><time></time></trkpt>
<trkpt lat="36.98097498669224" lon="129.0918913425308"><ele>0</ele><time></time></trkpt>
<trkpt lat="36.98015620132701" lon="129.0913064201521"><ele>0</ele><time></time></trkpt>
<trkpt lat="36.97947021255042" lon="129.0912689002943"><ele>0</ele><time></time></trkpt>
<trkpt lat="36.97887395036168" lon="129.0914820023737"><ele>0</ele><time></time></trkpt>
<trkpt lat="36.97863867008862" lon="129.0917471895577"><ele>0</ele><time></time></trkpt>
<trkpt lat="36.97840890999243" lon="129.0921465042198"><ele>0</ele><time></time></trkpt>
<trkpt lat="36.97847661125802" lon="129.0929405509594"><ele>0</ele><time></time></trkpt>
<trkpt lat="36.97835174544517" lon="129.0938325538466"><ele>0</ele><time></time></trkpt>
<trkpt lat="36.97840551489567" lon="129.0942453524132"><ele>0</ele><time></time></trkpt>
<trkpt lat="36.97772059331853" lon="129.0950433262452"><ele>0</ele><time></time></trkpt>
<trkpt lat="36.97698195862496" lon="129.0950305777995"><ele>0</ele><time></time></trkpt>
<trkpt lat="36.9758173045726" lon="129.0948493402044"><ele>0</ele><time></time></trkpt>
<trkpt lat="36.9746102263599" lon="129.0944851861052"><ele>0</ele><time></time></trkpt>
<trkpt lat="36.97355740084809" lon="129.093815703559"><ele>0</ele><time></time></trkpt>
<trkpt lat="36.97262622865106" lon="129.0931171745468"><ele>0</ele><time></time></trkpt>
<trkpt lat="36.97201689552862" lon="129.0927122127758"><ele>0</ele><time></time></trkpt>
<trkpt lat="36.97133082591746" lon="129.0922304725937"><ele>0</ele><time></time></trkpt>
<trkpt lat="36.97036220134483" lon="129.091725224239"><ele>0</ele><time></time></trkpt>
<trkpt lat="36.96935770931799" lon="129.0917224733253"><ele>0</ele><time></time></trkpt>
<trkpt lat="36.96889277328488" lon="129.0919705987579"><ele>0</ele><time></time></trkpt>
<trkpt lat="36.9685073201842" lon="129.0921215772009"><ele>0</ele><time></time></trkpt>
<trkpt lat="36.96791823448898" lon="129.0920729130394"><ele>0</ele><time></time></trkpt>
<trkpt lat="36.96706729912513" lon="129.0921091960062"><ele>0</ele><time></time></trkpt>
<trkpt lat="36.96589925081885" lon="129.092135633571"><ele>0</ele><time></time></trkpt>
<trkpt lat="36.96456530122634" lon="129.0917963868736"><ele>0</ele><time></time></trkpt>
<trkpt lat="36.96385687956393" lon="129.0914945535779"><ele>0</ele><time></time></trkpt>
<trkpt lat="36.96282146972554" lon="129.091109295331"><ele>0</ele><time></time></trkpt>
</trkseg>
</trk>
<trk>
<name></name>
<trkseg>
<trkpt lat="36.96220397142869" lon="129.0905986797634"><ele>0</ele><time></time></trkpt>
<trkpt lat="36.96080556883089" lon="129.0921619647323"><ele>0</ele><time></time></trkpt>
<trkpt lat="36.96001507111708" lon="129.0917846608587"><ele>0</ele><time></time></trkpt>
<trkpt lat="36.9594645757147" lon="129.0934395913627"><ele>0</ele><time></time></trkpt>
<trkpt lat="36.95848019717342" lon="129.0946111778534"><ele>0</ele><time></time></trkpt>
<trkpt lat="36.95741866692148" lon="129.0962748080715"><ele>0</ele><time></time></trkpt>
<trkpt lat="36.95600302275998" lon="129.0965238350569"><ele>0</ele><time></time></trkpt>
<trkpt lat="36.95654594445187" lon="129.0974103620722"><ele>0</ele><time></time></trkpt>
<trkpt lat="36.95764516124757" lon="129.0989571185813"><ele>0</ele><time></time></trkpt>
<trkpt lat="36.95830346452722" lon="129.1007701162976"><ele>0</ele><time></time></trkpt>
<trkpt lat="36.95994495455129" lon="129.1019028513401"><ele>0</ele><time></time></trkpt>
<trkpt lat="36.96152199507809" lon="129.1036154207478"><ele>0</ele><time></time></trkpt>
<trkpt lat="36.96262549566956" lon="129.105949209128"><ele>0</ele><time></time></trkpt>
<trkpt lat="36.96412982597916" lon="129.1064256931415"><ele>0</ele><time></time></trkpt>
<trkpt lat="36.96465140048303" lon="129.1076264549002"><ele>0</ele><time></time></trkpt>
<trkpt lat="36.96462191952171" lon="129.1098390547687"><ele>0</ele><time></time></trkpt>
<trkpt lat="36.96414965866989" lon="129.1111984329011"><ele>0</ele><time></time></trkpt>
<trkpt lat="36.96550193562027" lon="129.1118008720863"><ele>0</ele><time></time></trkpt>
<trkpt lat="36.96520836972248" lon="129.1123347966304"><ele>0</ele><time></time></trkpt>
<trkpt lat="36.96503423611406" lon="129.1135110556517"><ele>0</ele><time></time></trkpt>
<trkpt lat="36.96474629037733" lon="129.1146702094269"><ele>0</ele><time></time></trkpt>
<trkpt lat="36.96448177398082" lon="129.1155951205319"><ele>0</ele><time></time></trkpt>
<trkpt lat="36.96409630373586" lon="129.115615293822"><ele>0</ele><time></time></trkpt>
<trkpt lat="36.96349451751176" lon="129.1157623878005"><ele>0</ele><time></time></trkpt>
<trkpt lat="36.96327617481908" lon="129.1167922869646"><ele>0</ele><time></time></trkpt>
<trkpt lat="36.96337117672998" lon="129.1176867439445"><ele>0</ele><time></time></trkpt>
<trkpt lat="36.9630728419923" lon="129.1185879158003"><ele>0</ele><time></time></trkpt>
<trkpt lat="36.96305797477537" lon="129.1193071595948"><ele>0</ele><time></time></trkpt>
<trkpt lat="36.9623585037772" lon="129.119775231477"><ele>0</ele><time></time></trkpt>
<trkpt lat="36.96149757139654" lon="129.1192556444944"><ele>0</ele><time></time></trkpt>
<trkpt lat="36.96054114548823" lon="129.1196173876754"><ele>0</ele><time></time></trkpt>
<trkpt lat="36.96019750084277" lon="129.1202799818649"><ele>0</ele><time></time></trkpt>
<trkpt lat="36.95997615890894" lon="129.1214553692848"><ele>0</ele><time></time></trkpt>
<trkpt lat="36.95947412851161" lon="129.1222157002823"><ele>0</ele><time></time></trkpt>
<trkpt lat="36.95973279823325" lon="129.122900896825"><ele>0</ele><time></time></trkpt>
<trkpt lat="36.95996191133187" lon="129.1237922404044"><ele>0</ele><time></time></trkpt>
<trkpt lat="36.95971148020255" lon="129.1244806339444"><ele>0</ele><time></time></trkpt>
<trkpt lat="36.95965105542841" lon="129.1250529526345"><ele>0</ele><time></time></trkpt>
<trkpt lat="36.95919064637485" lon="129.1257057319334"><ele>0</ele><time></time></trkpt>
<trkpt lat="36.95936457603104" lon="129.1263704271256"><ele>0</ele><time></time></trkpt>
<trkpt lat="36.95967505326145" lon="129.1273716185374"><ele>0</ele><time></time></trkpt>
<trkpt lat="36.96082136705782" lon="129.1296052990177"><ele>0</ele><time></time></trkpt>
<trkpt lat="36.9615455218748" lon="129.1306265242235"><ele>0</ele><time></time></trkpt>
<trkpt lat="36.96212877363977" lon="129.1316783073735"><ele>0</ele><time></time></trkpt>
<trkpt lat="36.96255464538592" lon="129.1333119235207"><ele>0</ele><time></time></trkpt>
<trkpt lat="36.9630669235146" lon="129.1346317710377"><ele>0</ele><time></time></trkpt>
<trkpt lat="36.96349227341705" lon="129.1357493853919"><ele>0</ele><time></time></trkpt>
<trkpt lat="36.96395913504829" lon="129.1378842508757"><ele>0</ele><time></time></trkpt>
<trkpt lat="36.96467779471307" lon="129.1396056935185"><ele>0</ele><time></time></trkpt>
<trkpt lat="36.96567152042402" lon="129.1412485100441"><ele>0</ele><time></time></trkpt>
<trkpt lat="36.96675831345" lon="129.1427076748771"><ele>0</ele><time></time></trkpt>
<trkpt lat="36.96658993293251" lon="129.1440084808934"><ele>0</ele><time></time></trkpt>
<trkpt lat="36.96597092253297" lon="129.1454811761027"><ele>0</ele><time></time></trkpt>
<trkpt lat="36.96519141604937" lon="129.1469920035612"><ele>0</ele><time></time></trkpt>
<trkpt lat="36.96528722169535" lon="129.1482421631169"><ele>0</ele><time></time></trkpt>
<trkpt lat="36.96488410007514" lon="129.1497025023726"><ele>0</ele><time></time></trkpt>
<trkpt lat="36.96493920025256" lon="129.1506140142847"><ele>0</ele><time></time></trkpt>
<trkpt lat="36.96465756559057" lon="129.1517663368008"><ele>0</ele><time></time></trkpt>
<trkpt lat="36.96530922799712" lon="129.1516796661647"><ele>0</ele><time></time></trkpt>
<trkpt lat="36.96626986783357" lon="129.1520982458906"><ele>0</ele><time></time></trkpt>
<trkpt lat="36.96697647993788" lon="129.1526720454157"><ele>0</ele><time></time></trkpt>
<trkpt lat="36.96749752059641" lon="129.1532919201626"><ele>0</ele><time></time></trkpt>
<trkpt lat="36.96782986515145" lon="129.1539096734976"><ele>0</ele><time></time></trkpt>
<trkpt lat="36.96804120989412" lon="129.1544444757243"><ele>0</ele><time></time></trkpt>
<trkpt lat="36.96848784078666" lon="129.1550767450815"><ele>0</ele><time></time></trkpt>
<trkpt lat="36.96881284667171" lon="129.1558718963076"><ele>0</ele><time></time></trkpt>
<trkpt lat="36.96893090644591" lon="129.1565716330439"><ele>0</ele><time></time></trkpt>
<trkpt lat="36.96929603814566" lon="129.1575961891415"><ele>0</ele><time></time></trkpt>
<trkpt lat="36.96908665269373" lon="129.1585293940053"><ele>0</ele><time></time></trkpt>
<trkpt lat="36.96931211424799" lon="129.1591246595984"><ele>0</ele><time></time></trkpt>
<trkpt lat="36.96960225149994" lon="129.1605758869444"><ele>0</ele><time></time></trkpt>
<trkpt lat="36.9692975492145" lon="129.1618507938174"><ele>0</ele><time></time></trkpt>
<trkpt lat="36.96966408113963" lon="129.1630570079164"><ele>0</ele><time></time></trkpt>
<trkpt lat="36.97039895131429" lon="129.1632215545321"><ele>0</ele><time></time></trkpt>
<trkpt lat="36.97109103257536" lon="129.1634108707563"><ele>0</ele><time></time></trkpt>
<trkpt lat="36.97171817823404" lon="129.1642418800101"><ele>0</ele><time></time></trkpt>
<trkpt lat="36.97197438676931" lon="129.1658651792521"><ele>0</ele><time></time></trkpt>
<trkpt lat="36.97226434765473" lon="129.1673743566924"><ele>0</ele><time></time></trkpt>
<trkpt lat="36.97225101067053" lon="129.1684764684267"><ele>0</ele><time></time></trkpt>
<trkpt lat="36.97269528371441" lon="129.1692606580104"><ele>0</ele><time></time></trkpt>
<trkpt lat="36.97310149483571" lon="129.1705577290984"><ele>0</ele><time></time></trkpt>
<trkpt lat="36.97358931228074" lon="129.1718329893341"><ele>0</ele><time></time></trkpt>
<trkpt lat="36.97416170481792" lon="129.1728401684466"><ele>0</ele><time></time></trkpt>
<trkpt lat="36.97462709213276" lon="129.1740762303813"><ele>0</ele><time></time></trkpt>
<trkpt lat="36.97508193442735" lon="129.1755339818374"><ele>0</ele><time></time></trkpt>
<trkpt lat="36.9759344981602" lon="129.176882553262"><ele>0</ele><time></time></trkpt>
<trkpt lat="36.97684958349834" lon="129.1791090855061"><ele>0</ele><time></time></trkpt>
<trkpt lat="36.97816190432623" lon="129.1804810198594"><ele>0</ele><time></time></trkpt>
<trkpt lat="36.97794080250422" lon="129.1831673887385"><ele>0</ele><time></time></trkpt>
<trkpt lat="36.97854777223026" lon="129.1853340534839"><ele>0</ele><time></time></trkpt>
</trkseg>
</trk>
<trk>
<name></name>
<trkseg>
<trkpt lat="36.97862918706637" lon="129.1873403957285"><ele>0</ele><time></time></trkpt>
<trkpt lat="36.9796547088776" lon="129.1876678100645"><ele>0</ele><time></time></trkpt>
<trkpt lat="36.98038626846487" lon="129.1883540793923"><ele>0</ele><time></time></trkpt>
<trkpt lat="36.9818652797396" lon="129.1898214101901"><ele>0</ele><time></time></trkpt>
<trkpt lat="36.98381733782966" lon="129.1911646590373"><ele>0</ele><time></time></trkpt>
<trkpt lat="36.98449395886086" lon="129.1916669578552"><ele>0</ele><time></time></trkpt>
<trkpt lat="36.98538343129808" lon="129.1921065675696"><ele>0</ele><time></time></trkpt>
<trkpt lat="36.98620988592774" lon="129.192817413814"><ele>0</ele><time></time></trkpt>
<trkpt lat="36.9866818758524" lon="129.1936815014205"><ele>0</ele><time></time></trkpt>
<trkpt lat="36.98785376229496" lon="129.1945660984892"><ele>0</ele><time></time></trkpt>
<trkpt lat="36.9886451575455" lon="129.1954606042618"><ele>0</ele><time></time></trkpt>
<trkpt lat="36.98910760371206" lon="129.1962184584528"><ele>0</ele><time></time></trkpt>
<trkpt lat="36.98981540603253" lon="129.1974892133769"><ele>0</ele><time></time></trkpt>
<trkpt lat="36.99011865808232" lon="129.1989016075684"><ele>0</ele><time></time></trkpt>
<trkpt lat="36.99106620844094" lon="129.2000248194415"><ele>0</ele><time></time></trkpt>
<trkpt lat="36.99248908025503" lon="129.2005639326377"><ele>0</ele><time></time></trkpt>
<trkpt lat="36.99375215666426" lon="129.2008156358137"><ele>0</ele><time></time></trkpt>
<trkpt lat="36.99394944585904" lon="129.2020155127309"><ele>0</ele><time></time></trkpt>
<trkpt lat="36.99435228982746" lon="129.2038192307838"><ele>0</ele><time></time></trkpt>
<trkpt lat="36.99577028593067" lon="129.2047435874308"><ele>0</ele><time></time></trkpt>
<trkpt lat="36.99745725305087" lon="129.2064840311913"><ele>0</ele><time></time></trkpt>
<trkpt lat="36.99777613925799" lon="129.2083905911001"><ele>0</ele><time></time></trkpt>
<trkpt lat="36.9980030473756" lon="129.2104247022182"><ele>0</ele><time></time></trkpt>
<trkpt lat="36.99924473272991" lon="129.2109285471173"><ele>0</ele><time></time></trkpt>
<trkpt lat="36.99983716537876" lon="129.2124367437324"><ele>0</ele><time></time></trkpt>
<trkpt lat="37.00039876911068" lon="129.2137732087605"><ele>0</ele><time></time></trkpt>
<trkpt lat="37.00198527982996" lon="129.214931402016"><ele>0</ele><time></time></trkpt>
<trkpt lat="37.00185818871485" lon="129.2166793676541"><ele>0</ele><time></time></trkpt>
<trkpt lat="37.00246239220089" lon="129.21837684604"><ele>0</ele><time></time></trkpt>
<trkpt lat="37.00312642766295" lon="129.2195704645723"><ele>0</ele><time></time></trkpt>
<trkpt lat="37.00440089961436" lon="129.2210745010946"><ele>0</ele><time></time></trkpt>
<trkpt lat="37.00505047613289" lon="129.222465256156"><ele>0</ele><time></time></trkpt>
<trkpt lat="37.00658042308226" lon="129.2243738464295"><ele>0</ele><time></time></trkpt>
<trkpt lat="37.00686086100139" lon="129.2259549998719"><ele>0</ele><time></time></trkpt>
<trkpt lat="37.00794180049542" lon="129.2261460187041"><ele>0</ele><time></time></trkpt>
<trkpt lat="37.00922286777104" lon="129.2270837181151"><ele>0</ele><time></time></trkpt>
<trkpt lat="37.00987140984169" lon="129.2273955398115"><ele>0</ele><time></time></trkpt>
<trkpt lat="37.01004498856565" lon="129.2278045227936"><ele>0</ele><time></time></trkpt>
<trkpt lat="37.00978028206009" lon="129.2284376090304"><ele>0</ele><time></time></trkpt>
<trkpt lat="37.01038333966358" lon="129.2294315482081"><ele>0</ele><time></time></trkpt>
<trkpt lat="37.01122473045383" lon="129.2308430113559"><ele>0</ele><time></time></trkpt>
<trkpt lat="37.01149696999094" lon="129.2326751680263"><ele>0</ele><time></time></trkpt>
<trkpt lat="37.01225175284624" lon="129.2346888387284"><ele>0</ele><time></time></trkpt>
<trkpt lat="37.01212233408449" lon="129.2349526137026"><ele>0</ele><time></time></trkpt>
<trkpt lat="37.01220141354775" lon="129.2362057292098"><ele>0</ele><time></time></trkpt>
<trkpt lat="37.01240331777193" lon="129.2369360269514"><ele>0</ele><time></time></trkpt>
<trkpt lat="37.01304474942476" lon="129.2376369404868"><ele>0</ele><time></time></trkpt>
<trkpt lat="37.0131191310007" lon="129.2388844276095"><ele>0</ele><time></time></trkpt>
<trkpt lat="37.01345039896104" lon="129.2400105273993"><ele>0</ele><time></time></trkpt>
<trkpt lat="37.01426557778277" lon="129.2410783289953"><ele>0</ele><time></time></trkpt>
<trkpt lat="37.01471510072436" lon="129.2424628361183"><ele>0</ele><time></time></trkpt>
<trkpt lat="37.01555896557247" lon="129.2436504334139"><ele>0</ele><time></time></trkpt>
<trkpt lat="37.01647926032835" lon="129.2454411136089"><ele>0</ele><time></time></trkpt>
<trkpt lat="37.01712904654551" lon="129.2467938248113"><ele>0</ele><time></time></trkpt>
<trkpt lat="37.01762673354436" lon="129.2481548814061"><ele>0</ele><time></time></trkpt>
<trkpt lat="37.01832896985203" lon="129.2495661875633"><ele>0</ele><time></time></trkpt>
<trkpt lat="37.01886957234448" lon="129.251084327656"><ele>0</ele><time></time></trkpt>
<trkpt lat="37.01933947184634" lon="129.2519911085662"><ele>0</ele><time></time></trkpt>
<trkpt lat="37.01994019322699" lon="129.2530664214034"><ele>0</ele><time></time></trkpt>
<trkpt lat="37.02067310080081" lon="129.2544385113117"><ele>0</ele><time></time></trkpt>
<trkpt lat="37.02170445273703" lon="129.2560888684366"><ele>0</ele><time></time></trkpt>
<trkpt lat="37.02300360892794" lon="129.2580334405693"><ele>0</ele><time></time></trkpt>
<trkpt lat="37.02338243231588" lon="129.26005525011"><ele>0</ele><time></time></trkpt>
<trkpt lat="37.02272283881314" lon="129.2614061256196"><ele>0</ele><time></time></trkpt>
<trkpt lat="37.0236750092249" lon="129.2629310441072"><ele>0</ele><time></time></trkpt>
<trkpt lat="37.02448550082345" lon="129.263367299955"><ele>0</ele><time></time></trkpt>
<trkpt lat="37.02441660602238" lon="129.2651743790087"><ele>0</ele><time></time></trkpt>
<trkpt lat="37.02471604842965" lon="129.2658892458551"><ele>0</ele><time></time></trkpt>
<trkpt lat="37.02581848414881" lon="129.266315217521"><ele>0</ele><time></time></trkpt>
<trkpt lat="37.02692405186195" lon="129.2666622112586"><ele>0</ele><time></time></trkpt>
<trkpt lat="37.02747682660397" lon="129.2674212034568"><ele>0</ele><time></time></trkpt>
<trkpt lat="37.02793980489236" lon="129.2677658150754"><ele>0</ele><time></time></trkpt>
<trkpt lat="37.02808561003531" lon="129.2681597359866"><ele>0</ele><time></time></trkpt>
<trkpt lat="37.02830730447532" lon="129.2684634245088"><ele>0</ele><time></time></trkpt>
<trkpt lat="37.02877862032179" lon="129.2700947556847"><ele>0</ele><time></time></trkpt>
<trkpt lat="37.02915362512935" lon="129.2711923126552"><ele>0</ele><time></time></trkpt>
<trkpt lat="37.02947785981062" lon="129.2724859438304"><ele>0</ele><time></time></trkpt>
<trkpt lat="37.03031289149622" lon="129.273701953919"><ele>0</ele><time></time></trkpt>
<trkpt lat="37.03056682196343" lon="129.2749758689069"><ele>0</ele><time></time></trkpt>
<trkpt lat="37.03097767086377" lon="129.2765109364599"><ele>0</ele><time></time></trkpt>
<trkpt lat="37.03121381630309" lon="129.277786502876"><ele>0</ele><time></time></trkpt>
<trkpt lat="37.03133119338275" lon="129.2791390268852"><ele>0</ele><time></time></trkpt>
<trkpt lat="37.03121522184246" lon="129.2806754763115"><ele>0</ele><time></time></trkpt>
<trkpt lat="37.03140203274916" lon="129.2825862781831"><ele>0</ele><time></time></trkpt>
<trkpt lat="37.03213310688987" lon="129.2845311342262"><ele>0</ele><time></time></trkpt>
<trkpt lat="37.03287107642451" lon="129.28584818021"><ele>0</ele><time></time></trkpt>
<trkpt lat="37.03370457749591" lon="129.2867263775685"><ele>0</ele><time></time></trkpt>
<trkpt lat="37.03386406829096" lon="129.2878736399157"><ele>0</ele><time></time></trkpt>
<trkpt lat="37.03411614356965" lon="129.2885907575215"><ele>0</ele><time></time></trkpt>
<trkpt lat="37.03433233772088" lon="129.2893616403775"><ele>0</ele><time></time></trkpt>
</trkseg>
</trk>
<trk>
<name></name>
<trkseg>
<trkpt lat="37.03353564787146" lon="129.2898333336051"><ele>0</ele><time></time></trkpt>
<trkpt lat="37.03191765246613" lon="129.2895974528201"><ele>0</ele><time></time></trkpt>
<trkpt lat="37.0304952417926" lon="129.2882854069345"><ele>0</ele><time></time></trkpt>
<trkpt lat="37.02905519361214" lon="129.288339574943"><ele>0</ele><time></time></trkpt>
<trkpt lat="37.02704720052022" lon="129.2889191556609"><ele>0</ele><time></time></trkpt>
<trkpt lat="37.02588518935533" lon="129.2895996708689"><ele>0</ele><time></time></trkpt>
<trkpt lat="37.02470536328821" lon="129.2908105915678"><ele>0</ele><time></time></trkpt>
<trkpt lat="37.02341108287292" lon="129.2908758349616"><ele>0</ele><time></time></trkpt>
<trkpt lat="37.02238827598573" lon="129.2907211941582"><ele>0</ele><time></time></trkpt>
<trkpt lat="37.02086478383023" lon="129.2893603402358"><ele>0</ele><time></time></trkpt>
<trkpt lat="37.01985924108871" lon="129.2884476561955"><ele>0</ele><time></time></trkpt>
<trkpt lat="37.01842859140068" lon="129.2868461772159"><ele>0</ele><time></time></trkpt>
<trkpt lat="37.01752188541426" lon="129.2860989419833"><ele>0</ele><time></time></trkpt>
<trkpt lat="37.01624910741531" lon="129.2853516385391"><ele>0</ele><time></time></trkpt>
<trkpt lat="37.01527131476518" lon="129.28507018395"><ele>0</ele><time></time></trkpt>
<trkpt lat="37.01467621263588" lon="129.2844736521698"><ele>0</ele><time></time></trkpt>
<trkpt lat="37.01364242707697" lon="129.2840468160489"><ele>0</ele><time></time></trkpt>
<trkpt lat="37.01324158263964" lon="129.283917018666"><ele>0</ele><time></time></trkpt>
<trkpt lat="37.01256757350474" lon="129.2831443058549"><ele>0</ele><time></time></trkpt>
<trkpt lat="37.01176279013595" lon="129.2818296718615"><ele>0</ele><time></time></trkpt>
<trkpt lat="37.0110545474963" lon="129.2808768705918"><ele>0</ele><time></time></trkpt>
<trkpt lat="37.01004817105848" lon="129.2809612943063"><ele>0</ele><time></time></trkpt>
<trkpt lat="37.00952943411423" lon="129.281094651215"><ele>0</ele><time></time></trkpt>
<trkpt lat="37.00875468848358" lon="129.2808382643518"><ele>0</ele><time></time></trkpt>
<trkpt lat="37.00823291148278" lon="129.2802367867757"><ele>0</ele><time></time></trkpt>
<trkpt lat="37.00775044774338" lon="129.2794178849343"><ele>0</ele><time></time></trkpt>
<trkpt lat="37.00720868324935" lon="129.2786272249723"><ele>0</ele><time></time></trkpt>
<trkpt lat="37.00659353415945" lon="129.2783272881977"><ele>0</ele><time></time></trkpt>
<trkpt lat="37.0061111425884" lon="129.2780407605414"><ele>0</ele><time></time></trkpt>
<trkpt lat="37.0056216210931" lon="129.2779811134377"><ele>0</ele><time></time></trkpt>
<trkpt lat="37.00480476098703" lon="129.2770407465314"><ele>0</ele><time></time></trkpt>
<trkpt lat="37.00373787164571" lon="129.2764508654348"><ele>0</ele><time></time></trkpt>
<trkpt lat="37.00319418554737" lon="129.2762734756286"><ele>0</ele><time></time></trkpt>
<trkpt lat="37.00259227466176" lon="129.2758718240339"><ele>0</ele><time></time></trkpt>
<trkpt lat="37.00174264916" lon="129.2755399267875"><ele>0</ele><time></time></trkpt>
<trkpt lat="37.00080225473859" lon="129.2759222421321"><ele>0</ele><time></time></trkpt>
<trkpt lat="37.00051869914195" lon="129.275241442635"><ele>0</ele><time></time></trkpt>
<trkpt lat="36.99956519342021" lon="129.2750043057285"><ele>0</ele><time></time></trkpt>
<trkpt lat="36.99875606569562" lon="129.2750313246394"><ele>0</ele><time></time></trkpt>
<trkpt lat="36.99803494438588" lon="129.2750717504054"><ele>0</ele><time></time></trkpt>
<trkpt lat="36.99746432573499" lon="129.2752519070218"><ele>0</ele><time></time></trkpt>
<trkpt lat="36.99697023373987" lon="129.2752976513435"><ele>0</ele><time></time></trkpt>
<trkpt lat="36.9965563052111" lon="129.2756079223448"><ele>0</ele><time></time></trkpt>
<trkpt lat="36.99660500004598" lon="129.2757296579521"><ele>0</ele><time></time></trkpt>
<trkpt lat="36.996929695528" lon="129.2758729308946"><ele>0</ele><time></time></trkpt>
<trkpt lat="36.99666747594204" lon="129.2762294050451"><ele>0</ele><time></time></trkpt>
<trkpt lat="36.99645941370888" lon="129.2762504160974"><ele>0</ele><time></time></trkpt>
<trkpt lat="36.99628530454879" lon="129.2760034398066"><ele>0</ele><time></time></trkpt>
<trkpt lat="36.99571070401431" lon="129.2759002663174"><ele>0</ele><time></time></trkpt>
<trkpt lat="36.99534478094747" lon="129.2760581334725"><ele>0</ele><time></time></trkpt>
<trkpt lat="36.99512267149017" lon="129.2760443425122"><ele>0</ele><time></time></trkpt>
<trkpt lat="36.99514985409557" lon="129.275523974536"><ele>0</ele><time></time></trkpt>
<trkpt lat="36.99481112388397" lon="129.2752619926277"><ele>0</ele><time></time></trkpt>
<trkpt lat="36.99364550290771" lon="129.2756197054891"><ele>0</ele><time></time></trkpt>
<trkpt lat="36.99348403157381" lon="129.2741719793429"><ele>0</ele><time></time></trkpt>
<trkpt lat="36.99317193510977" lon="129.2719764544736"><ele>0</ele><time></time></trkpt>
<trkpt lat="36.9943962730269" lon="129.2720648037138"><ele>0</ele><time></time></trkpt>
<trkpt lat="36.994999274117" lon="129.2712876400223"><ele>0</ele><time></time></trkpt>
<trkpt lat="36.99464954587607" lon="129.2707994376381"><ele>0</ele><time></time></trkpt>
<trkpt lat="36.99320800519021" lon="129.2711764225176"><ele>0</ele><time></time></trkpt>
<trkpt lat="36.99111254120233" lon="129.2703204601916"><ele>0</ele><time></time></trkpt>
<trkpt lat="36.98963747903048" lon="129.2691256885498"><ele>0</ele><time></time></trkpt>
<trkpt lat="36.98872799056698" lon="129.268010378854"><ele>0</ele><time></time></trkpt>
<trkpt lat="36.98681851798693" lon="129.2678489931278"><ele>0</ele><time></time></trkpt>
<trkpt lat="36.98532659879858" lon="129.2671972754895"><ele>0</ele><time></time></trkpt>
<trkpt lat="36.98358798976939" lon="129.267214537381"><ele>0</ele><time></time></trkpt>
<trkpt lat="36.98147646814233" lon="129.2669603062968"><ele>0</ele><time></time></trkpt>
<trkpt lat="36.98086603967399" lon="129.265596028074"><ele>0</ele><time></time></trkpt>
<trkpt lat="36.9790369455197" lon="129.2653489565451"><ele>0</ele><time></time></trkpt>
<trkpt lat="36.97794654149889" lon="129.2662982913565"><ele>0</ele><time></time></trkpt>
<trkpt lat="36.97715259241394" lon="129.2675153583012"><ele>0</ele><time></time></trkpt>
<trkpt lat="36.97671794330987" lon="129.2679470552808"><ele>0</ele><time></time></trkpt>
<trkpt lat="36.97575857670124" lon="129.267228757173"><ele>0</ele><time></time></trkpt>
<trkpt lat="36.97511112580298" lon="129.2672798895157"><ele>0</ele><time></time></trkpt>
<trkpt lat="36.97414607701295" lon="129.2661743501839"><ele>0</ele><time></time></trkpt>
<trkpt lat="36.9728821047572" lon="129.2661947135433"><ele>0</ele><time></time></trkpt>
<trkpt lat="36.97212332859418" lon="129.2660609525639"><ele>0</ele><time></time></trkpt>
<trkpt lat="36.97117571224583" lon="129.2658661251638"><ele>0</ele><time></time></trkpt>
<trkpt lat="36.97053595486288" lon="129.2650107848775"><ele>0</ele><time></time></trkpt>
<trkpt lat="36.96991057574747" lon="129.2646476565326"><ele>0</ele><time></time></trkpt>
<trkpt lat="36.96913713207148" lon="129.2648858712144"><ele>0</ele><time></time></trkpt>
<trkpt lat="36.96865216638024" lon="129.2637668872858"><ele>0</ele><time></time></trkpt>
<trkpt lat="36.96777120171394" lon="129.2633273521191"><ele>0</ele><time></time></trkpt>
<trkpt lat="36.9671835529405" lon="129.2625272186255"><ele>0</ele><time></time></trkpt>
<trkpt lat="36.96705365703251" lon="129.2614091670322"><ele>0</ele><time></time></trkpt>
<trkpt lat="36.96676468337307" lon="129.2602142073891"><ele>0</ele><time></time></trkpt>
<trkpt lat="36.96599437159242" lon="129.2587371139792"><ele>0</ele><time></time></trkpt>
<trkpt lat="36.96560751003859" lon="129.2572643979659"><ele>0</ele><time></time></trkpt>
<trkpt lat="36.96482276956615" lon="129.2563319672008"><ele>0</ele><time></time></trkpt>
<trkpt lat="36.96364696666435" lon="129.2562212604665"><ele>0</ele><time></time></trkpt>
<trkpt lat="36.96256394658597" lon="129.2564974381283"><ele>0</ele><time></time></trkpt>
<trkpt lat="36.96174595442041" lon="129.2566786876353"><ele>0</ele><time></time></trkpt>
<trkpt lat="36.96096423769814" lon="129.2574344508263"><ele>0</ele><time></time></trkpt>
<trkpt lat="36.95985403002374" lon="129.2579195034286"><ele>0</ele><time></time></trkpt>
<trkpt lat="36.95892689787365" lon="129.2575919622766"><ele>0</ele><time></time></trkpt>
<trkpt lat="36.95799837821009" lon="129.2570277390132"><ele>0</ele><time></time></trkpt>
<trkpt lat="36.9564816699069" lon="129.2576669881346"><ele>0</ele><time></time></trkpt>
<trkpt lat="36.9562161963584" lon="129.2588067084559"><ele>0</ele><time></time></trkpt>
<trkpt lat="36.95521504985626" lon="129.2594334897475"><ele>0</ele><time></time></trkpt>
<trkpt lat="36.95445418745969" lon="129.2599291487404"><ele>0</ele><time></time></trkpt>
<trkpt lat="36.95319839862049" lon="129.2605533530242"><ele>0</ele><time></time></trkpt>
<trkpt lat="36.95241373043719" lon="129.2612869176457"><ele>0</ele><time></time></trkpt>
<trkpt lat="36.95170278517224" lon="129.2624335488387"><ele>0</ele><time></time></trkpt>
<trkpt lat="36.95131188763339" lon="129.2636695760414"><ele>0</ele><time></time></trkpt>
<trkpt lat="36.95046400681547" lon="129.2643891647959"><ele>0</ele><time></time></trkpt>
<trkpt lat="36.94956157218844" lon="129.2643138675585"><ele>0</ele><time></time></trkpt>
<trkpt lat="36.94901415743564" lon="129.2650740476537"><ele>0</ele><time></time></trkpt>
<trkpt lat="36.94924836066145" lon="129.2658228749592"><ele>0</ele><time></time></trkpt>
<trkpt lat="36.94904523978561" lon="129.2674023877875"><ele>0</ele><time></time></trkpt>
<trkpt lat="36.9487179330011" lon="129.2682675038062"><ele>0</ele><time></time></trkpt>
<trkpt lat="36.9481208142927" lon="129.2691395482389"><ele>0</ele><time></time></trkpt>
<trkpt lat="36.94744352943542" lon="129.2695622833769"><ele>0</ele><time></time></trkpt>
<trkpt lat="36.94710572214296" lon="129.2704573660415"><ele>0</ele><time></time></trkpt>
<trkpt lat="36.94659312820886" lon="129.2712011297111"><ele>0</ele><time></time></trkpt>
<trkpt lat="36.94664161794293" lon="129.2720029185732"><ele>0</ele><time></time></trkpt>
<trkpt lat="36.94754491784904" lon="129.2721755495685"><ele>0</ele><time></time></trkpt>
<trkpt lat="36.9472180354383" lon="129.2728994296034"><ele>0</ele><time></time></trkpt>
<trkpt lat="36.94670839308426" lon="129.2743847446601"><ele>0</ele><time></time></trkpt>
<trkpt lat="36.94662243251968" lon="129.2751770014606"><ele>0</ele><time></time></trkpt>
<trkpt lat="36.94666650286066" lon="129.2758213607265"><ele>0</ele><time></time></trkpt>
</trkseg>
</trk>
<trk>
<name></name>
<trkseg>
<trkpt lat="36.96806022953278" lon="129.4126044028346"><ele>0</ele><time></time></trkpt>
<trkpt lat="36.96774516537929" lon="129.4122109480417"><ele>0</ele><time></time></trkpt>
<trkpt lat="36.96770202625022" lon="129.4116560500357"><ele>0</ele><time></time></trkpt>
<trkpt lat="36.96747511738501" lon="129.4119129033392"><ele>0</ele><time></time></trkpt>
<trkpt lat="36.96746454087942" lon="129.4120146596769"><ele>0</ele><time></time></trkpt>
<trkpt lat="36.96739650111599" lon="129.4120815224347"><ele>0</ele><time></time></trkpt>
<trkpt lat="36.96744596935106" lon="129.4121692510497"><ele>0</ele><time></time></trkpt>
<trkpt lat="36.96727686572452" lon="129.412327198084"><ele>0</ele><time></time></trkpt>
<trkpt lat="36.96700181501411" lon="129.4123082598798"><ele>0</ele><time></time></trkpt>
<trkpt lat="36.96640270509548" lon="129.4113522221256"><ele>0</ele><time></time></trkpt>
<trkpt lat="36.96566458240039" lon="129.4104825686529"><ele>0</ele><time></time></trkpt>
<trkpt lat="36.96532624766373" lon="129.410536819189"><ele>0</ele><time></time></trkpt>
<trkpt lat="36.96525862134298" lon="129.4102383557579"><ele>0</ele><time></time></trkpt>
<trkpt lat="36.96601107842674" lon="129.4091298371025"><ele>0</ele><time></time></trkpt>
<trkpt lat="36.96704201313175" lon="129.4086224629015"><ele>0</ele><time></time></trkpt>
<trkpt lat="36.96704445550213" lon="129.4086175973711"><ele>0</ele><time></time></trkpt>
<trkpt lat="36.96704613658896" lon="129.408604808595"><ele>0</ele><time></time></trkpt>
<trkpt lat="36.96703469625285" lon="129.4084962920798"><ele>0</ele><time></time></trkpt>
<trkpt lat="36.96702866221789" lon="129.4084908408315"><ele>0</ele><time></time></trkpt>
<trkpt lat="36.96702341572146" lon="129.408489998804"><ele>0</ele><time></time></trkpt>
<trkpt lat="36.96623065249715" lon="129.4083710649036"><ele>0</ele><time></time></trkpt>
<trkpt lat="36.96524684040384" lon="129.408044914823"><ele>0</ele><time></time></trkpt>
<trkpt lat="36.96463803322588" lon="129.4067586606019"><ele>0</ele><time></time></trkpt>
<trkpt lat="36.96450485308809" lon="129.4051119945267"><ele>0</ele><time></time></trkpt>
<trkpt lat="36.96436382365671" lon="129.4032337140485"><ele>0</ele><time></time></trkpt>
<trkpt lat="36.96424633610606" lon="129.4015916413186"><ele>0</ele><time></time></trkpt>
<trkpt lat="36.96426221777489" lon="129.400202604983"><ele>0</ele><time></time></trkpt>
<trkpt lat="36.96435010430586" lon="129.3984174333608"><ele>0</ele><time></time></trkpt>
<trkpt lat="36.96425927583356" lon="129.3970764577306"><ele>0</ele><time></time></trkpt>
<trkpt lat="36.96426255941437" lon="129.3954298253267"><ele>0</ele><time></time></trkpt>
<trkpt lat="36.96429771079273" lon="129.3937811290101"><ele>0</ele><time></time></trkpt>
<trkpt lat="36.96446001340995" lon="129.3919107748014"><ele>0</ele><time></time></trkpt>
<trkpt lat="36.96460716777077" lon="129.3902743653333"><ele>0</ele><time></time></trkpt>
<trkpt lat="36.96474090610442" lon="129.3886473041774"><ele>0</ele><time></time></trkpt>
<trkpt lat="36.96491068029281" lon="129.3870442097264"><ele>0</ele><time></time></trkpt>
<trkpt lat="36.96489575714553" lon="129.3851949295998"><ele>0</ele><time></time></trkpt>
<trkpt lat="36.96451490646758" lon="129.3836697039713"><ele>0</ele><time></time></trkpt>
<trkpt lat="36.96392593849858" lon="129.3822444425001"><ele>0</ele><time></time></trkpt>
<trkpt lat="36.96274117111194" lon="129.3811373948132"><ele>0</ele><time></time></trkpt>
<trkpt lat="36.96161141162274" lon="129.3808545808083"><ele>0</ele><time></time></trkpt>
<trkpt lat="36.96036782876241" lon="129.3800934222832"><ele>0</ele><time></time></trkpt>
<trkpt lat="36.96046533595278" lon="129.3784193879403"><ele>0</ele><time></time></trkpt>
<trkpt lat="36.96305539998271" lon="129.3791130744427"><ele>0</ele><time></time></trkpt>
<trkpt lat="36.96357730352852" lon="129.3786226392456"><ele>0</ele><time></time></trkpt>
<trkpt lat="36.96510691872219" lon="129.3768718432576"><ele>0</ele><time></time></trkpt>
<trkpt lat="36.96822032062424" lon="129.3757243186311"><ele>0</ele><time></time></trkpt>
<trkpt lat="36.96893224135409" lon="129.3754561948582"><ele>0</ele><time></time></trkpt>
<trkpt lat="36.97102722306975" lon="129.3756999041989"><ele>0</ele><time></time></trkpt>
<trkpt lat="36.97106842226569" lon="129.3749576846186"><ele>0</ele><time></time></trkpt>
<trkpt lat="36.97111644806823" lon="129.3745181724782"><ele>0</ele><time></time></trkpt>
<trkpt lat="36.97094455244985" lon="129.3729129775066"><ele>0</ele><time></time></trkpt>
<trkpt lat="36.97247095139645" lon="129.3704942947055"><ele>0</ele><time></time></trkpt>
<trkpt lat="36.97309148434811" lon="129.3694813047461"><ele>0</ele><time></time></trkpt>
<trkpt lat="36.97334761437698" lon="129.3677230047988"><ele>0</ele><time></time></trkpt>
<trkpt lat="36.97355107527902" lon="129.3659305463359"><ele>0</ele><time></time></trkpt>
<trkpt lat="36.97241346330092" lon="129.365642375391"><ele>0</ele><time></time></trkpt>
<trkpt lat="36.97195232139114" lon="129.3655982232228"><ele>0</ele><time></time></trkpt>
<trkpt lat="36.97171674096978" lon="129.3647684970912"><ele>0</ele><time></time></trkpt>
<trkpt lat="36.97130430203813" lon="129.3641599180503"><ele>0</ele><time></time></trkpt>
<trkpt lat="36.97098104020115" lon="129.364235730501"><ele>0</ele><time></time></trkpt>
<trkpt lat="36.97061524237763" lon="129.3640371912298"><ele>0</ele><time></time></trkpt>
<trkpt lat="36.97017098081282" lon="129.3638112953285"><ele>0</ele><time></time></trkpt>
<trkpt lat="36.96978395673379" lon="129.3635614611268"><ele>0</ele><time></time></trkpt>
<trkpt lat="36.96921669012231" lon="129.3629012872486"><ele>0</ele><time></time></trkpt>
<trkpt lat="36.96868316106674" lon="129.3627740469571"><ele>0</ele><time></time></trkpt>
<trkpt lat="36.9683699477096" lon="129.3626904941507"><ele>0</ele><time></time></trkpt>
<trkpt lat="36.96781086247326" lon="129.3620143525156"><ele>0</ele><time></time></trkpt>
<trkpt lat="36.96755382677717" lon="129.3623045664034"><ele>0</ele><time></time></trkpt>
<trkpt lat="36.96720822944557" lon="129.3624450058675"><ele>0</ele><time></time></trkpt>
<trkpt lat="36.96685878222566" lon="129.3621195227855"><ele>0</ele><time></time></trkpt>
<trkpt lat="36.96653523600532" lon="129.3622830977217"><ele>0</ele><time></time></trkpt>
<trkpt lat="36.96639626216529" lon="129.3628350311481"><ele>0</ele><time></time></trkpt>
<trkpt lat="36.96624819273801" lon="129.3630662053065"><ele>0</ele><time></time></trkpt>
<trkpt lat="36.96578099365583" lon="129.3630797972018"><ele>0</ele><time></time></trkpt>
<trkpt lat="36.9659005199572" lon="129.363648988554"><ele>0</ele><time></time></trkpt>
<trkpt lat="36.96591850337136" lon="129.363837761375"><ele>0</ele><time></time></trkpt>
<trkpt lat="36.96556173015031" lon="129.3639666391911"><ele>0</ele><time></time></trkpt>
<trkpt lat="36.9656408482338" lon="129.3644651280101"><ele>0</ele><time></time></trkpt>
<trkpt lat="36.96549437500353" lon="129.3649029246611"><ele>0</ele><time></time></trkpt>
<trkpt lat="36.96549259067293" lon="129.3656062091715"><ele>0</ele><time></time></trkpt>
<trkpt lat="36.96515377547072" lon="129.3662373155854"><ele>0</ele><time></time></trkpt>
<trkpt lat="36.96471211052846" lon="129.3667073325304"><ele>0</ele><time></time></trkpt>
<trkpt lat="36.96360883652106" lon="129.3666126388938"><ele>0</ele><time></time></trkpt>
<trkpt lat="36.96262051143102" lon="129.3660862258543"><ele>0</ele><time></time></trkpt>
<trkpt lat="36.96200147418971" lon="129.3653483552524"><ele>0</ele><time></time></trkpt>
<trkpt lat="36.96098207975053" lon="129.3650533815672"><ele>0</ele><time></time></trkpt>
<trkpt lat="36.95978126870305" lon="129.3652163562904"><ele>0</ele><time></time></trkpt>
<trkpt lat="36.95861558665964" lon="129.3655101752229"><ele>0</ele><time></time></trkpt>
<trkpt lat="36.95776216369011" lon="129.3647152948855"><ele>0</ele><time></time></trkpt>
<trkpt lat="36.95660335291093" lon="129.3645900667497"><ele>0</ele><time></time></trkpt>
<trkpt lat="36.95647937707298" lon="129.3645868410514"><ele>0</ele><time></time></trkpt>
<trkpt lat="36.95647789033841" lon="129.3645852639113"><ele>0</ele><time></time></trkpt>
<trkpt lat="36.95647707731452" lon="129.3645823397685"><ele>0</ele><time></time></trkpt>
<trkpt lat="36.95658339772603" lon="129.3638662867522"><ele>0</ele><time></time></trkpt>
<trkpt lat="36.95657155875942" lon="129.3629178548415"><ele>0</ele><time></time></trkpt>
<trkpt lat="36.95595830819853" lon="129.3617103967972"><ele>0</ele><time></time></trkpt>
<trkpt lat="36.95597505924168" lon="129.3616703343291"><ele>0</ele><time></time></trkpt>
<trkpt lat="36.95618574972046" lon="129.3605560424577"><ele>0</ele><time></time></trkpt>
<trkpt lat="36.95604711145016" lon="129.3589720059356"><ele>0</ele><time></time></trkpt>
<trkpt lat="36.95595630366167" lon="129.3571266627533"><ele>0</ele><time></time></trkpt>
<trkpt lat="36.95628414215422" lon="129.355878427242"><ele>0</ele><time></time></trkpt>
<trkpt lat="36.95717990730432" lon="129.3548981609849"><ele>0</ele><time></time></trkpt>
<trkpt lat="36.95834933066902" lon="129.3542095417396"><ele>0</ele><time></time></trkpt>
<trkpt lat="36.9591103322136" lon="129.3537028800392"><ele>0</ele><time></time></trkpt>
<trkpt lat="36.95992076602258" lon="129.3531346837559"><ele>0</ele><time></time></trkpt>
<trkpt lat="36.96027954475515" lon="129.3518878615672"><ele>0</ele><time></time></trkpt>
<trkpt lat="36.96027677455952" lon="129.3505487899015"><ele>0</ele><time></time></trkpt>
<trkpt lat="36.95989927414395" lon="129.3491287945633"><ele>0</ele><time></time></trkpt>
<trkpt lat="36.95967426930024" lon="129.3490615500323"><ele>0</ele><time></time></trkpt>
<trkpt lat="36.95876811590664" lon="129.3489483000049"><ele>0</ele><time></time></trkpt>
<trkpt lat="36.95756266828187" lon="129.3498883727537"><ele>0</ele><time></time></trkpt>
<trkpt lat="36.9565463001373" lon="129.3506078221834"><ele>0</ele><time></time></trkpt>
<trkpt lat="36.95600295430498" lon="129.3497776662687"><ele>0</ele><time></time></trkpt>
<trkpt lat="36.95525778984332" lon="129.3484705094342"><ele>0</ele><time></time></trkpt>
<trkpt lat="36.95412426471161" lon="129.347702499721"><ele>0</ele><time></time></trkpt>
<trkpt lat="36.95427884545377" lon="129.3462441978313"><ele>0</ele><time></time></trkpt>
<trkpt lat="36.95328174159314" lon="129.3444924871003"><ele>0</ele><time></time></trkpt>
<trkpt lat="36.95242250505365" lon="129.3429839329266"><ele>0</ele><time></time></trkpt>
<trkpt lat="36.95146399819789" lon="129.3419187855163"><ele>0</ele><time></time></trkpt>
<trkpt lat="36.9514563097646" lon="129.3405152273074"><ele>0</ele><time></time></trkpt>
<trkpt lat="36.95159417093204" lon="129.3393027651675"><ele>0</ele><time></time></trkpt>
<trkpt lat="36.95067149811558" lon="129.3382483956187"><ele>0</ele><time></time></trkpt>
<trkpt lat="36.95076887609245" lon="129.3369749831342"><ele>0</ele><time></time></trkpt>
<trkpt lat="36.95054140016676" lon="129.3362740358438"><ele>0</ele><time></time></trkpt>
<trkpt lat="36.95003550161463" lon="129.3358245721889"><ele>0</ele><time></time></trkpt>
<trkpt lat="36.95040549069876" lon="129.3350564161925"><ele>0</ele><time></time></trkpt>
<trkpt lat="36.95101761213506" lon="129.3346809208078"><ele>0</ele><time></time></trkpt>
<trkpt lat="36.95150984576343" lon="129.3341912712217"><ele>0</ele><time></time></trkpt>
<trkpt lat="36.95167790976807" lon="129.3330550992779"><ele>0</ele><time></time></trkpt>
<trkpt lat="36.95136008513014" lon="129.3333377088582"><ele>0</ele><time></time></trkpt>
<trkpt lat="36.95097062478793" lon="129.3324987840325"><ele>0</ele><time></time></trkpt>
<trkpt lat="36.95028251893475" lon="129.331699645076"><ele>0</ele><time></time></trkpt>
<trkpt lat="36.94953746062102" lon="129.3314354997786"><ele>0</ele><time></time></trkpt>
<trkpt lat="36.94885271471425" lon="129.3304648998878"><ele>0</ele><time></time></trkpt>
<trkpt lat="36.94891207985876" lon="129.3291129559057"><ele>0</ele><time></time></trkpt>
<trkpt lat="36.94800499964958" lon="129.3278832230184"><ele>0</ele><time></time></trkpt>
<trkpt lat="36.94809162493125" lon="129.3263236227832"><ele>0</ele><time></time></trkpt>
<trkpt lat="36.94863208002165" lon="129.325466164384"><ele>0</ele><time></time></trkpt>
<trkpt lat="36.94837252880058" lon="129.3245324971175"><ele>0</ele><time></time></trkpt>
<trkpt lat="36.94779512804573" lon="129.3233926508182"><ele>0</ele><time></time></trkpt>
<trkpt lat="36.94778212331995" lon="129.3224205991081"><ele>0</ele><time></time></trkpt>
<trkpt lat="36.94737909049208" lon="129.3212890633052"><ele>0</ele><time></time></trkpt>
<trkpt lat="36.94756454840562" lon="129.3205674493408"><ele>0</ele><time></time></trkpt>
<trkpt lat="36.94776035209789" lon="129.3200127437662"><ele>0</ele><time></time></trkpt>
<trkpt lat="36.94821777418629" lon="129.3203697972607"><ele>0</ele><time></time></trkpt>
<trkpt lat="36.94799988808393" lon="129.3199242422012"><ele>0</ele><time></time></trkpt>
<trkpt lat="36.94735562157467" lon="129.3195405753845"><ele>0</ele><time></time></trkpt>
<trkpt lat="36.9469345119272" lon="129.3195377765542"><ele>0</ele><time></time></trkpt>
<trkpt lat="36.94659424221635" lon="129.3182864667179"><ele>0</ele><time></time></trkpt>
<trkpt lat="36.94737892518755" lon="129.3162766698958"><ele>0</ele><time></time></trkpt>
<trkpt lat="36.94782427798403" lon="129.3137432990081"><ele>0</ele><time></time></trkpt>
<trkpt lat="36.94756560676271" lon="129.3133349382896"><ele>0</ele><time></time></trkpt>
<trkpt lat="36.94731866756074" lon="129.3126530961775"><ele>0</ele><time></time></trkpt>
<trkpt lat="36.94681064231763" lon="129.3109667795159"><ele>0</ele><time></time></trkpt>
<trkpt lat="36.94699697905934" lon="129.3096002316689"><ele>0</ele><time></time></trkpt>
<trkpt lat="36.94674722619396" lon="129.3075591143763"><ele>0</ele><time></time></trkpt>
<trkpt lat="36.94675469352939" lon="129.3061243157841"><ele>0</ele><time></time></trkpt>
<trkpt lat="36.94714145414692" lon="129.3047213995764"><ele>0</ele><time></time></trkpt>
<trkpt lat="36.9477635082019" lon="129.3047670834089"><ele>0</ele><time></time></trkpt>
<trkpt lat="36.94817258294246" lon="129.304131969879"><ele>0</ele><time></time></trkpt>
<trkpt lat="36.94869889101795" lon="129.3034589799555"><ele>0</ele><time></time></trkpt>
<trkpt lat="36.94917284011232" lon="129.30234794757"><ele>0</ele><time></time></trkpt>
<trkpt lat="36.94978386674553" lon="129.3014759664391"><ele>0</ele><time></time></trkpt>
<trkpt lat="36.94953285595518" lon="129.3000298412288"><ele>0</ele><time></time></trkpt>
<trkpt lat="36.9493707586972" lon="129.298580912175"><ele>0</ele><time></time></trkpt>
<trkpt lat="36.94943530365214" lon="129.2973562784725"><ele>0</ele><time></time></trkpt>
<trkpt lat="36.94934024689327" lon="129.2961652573476"><ele>0</ele><time></time></trkpt>
<trkpt lat="36.94947877703272" lon="129.2946535312747"><ele>0</ele><time></time></trkpt>
<trkpt lat="36.95031503468436" lon="129.2941808101145"><ele>0</ele><time></time></trkpt>
<trkpt lat="36.95016817860166" lon="129.2935349270755"><ele>0</ele><time></time></trkpt>
<trkpt lat="36.95084494447177" lon="129.2935671999461"><ele>0</ele><time></time></trkpt>
<trkpt lat="36.95159454738783" lon="129.2928963209526"><ele>0</ele><time></time></trkpt>
<trkpt lat="36.95073721010051" lon="129.292180743464"><ele>0</ele><time></time></trkpt>
<trkpt lat="36.94993877462189" lon="129.2912549503549"><ele>0</ele><time></time></trkpt>
<trkpt lat="36.94811592169074" lon="129.2889966190212"><ele>0</ele><time></time></trkpt>
<trkpt lat="36.94800346019701" lon="129.2861071853106"><ele>0</ele><time></time></trkpt>
<trkpt lat="36.9484449706142" lon="129.2844683434525"><ele>0</ele><time></time></trkpt>
<trkpt lat="36.94938819763262" lon="129.2805958193827"><ele>0</ele><time></time></trkpt>
<trkpt lat="36.94978787868347" lon="129.2779620291363"><ele>0</ele><time></time></trkpt>
<trkpt lat="36.94881719107006" lon="129.2765973026152"><ele>0</ele><time></time></trkpt>
</trkseg>
</trk>
</gpx>
